stoploss,squee,lookback,ema_length,conv,length,lengthMA,lengthSignal,fast,slow,signal,net_profit
23.15067374896231,4.146145285895061,9.527187623117527,11.474458608694125,62.294338998128396,23.753757381542307,33.06830957804354,14.814955437065533,8.535409404038319,19.301789283558325,9.421353256744602,1520.0709947885116
0.7717649638753432,2.1603563034225224,15.362307034697345,26.201050316391274,68.08347996288543,13.933709661847502,23.118908236762195,3.5638929954040792,20.42522976980878,22.938196405199676,19.707965041832736,163.22823503612744
