stoploss,squee,lookback,ema_length,conv,length,lengthMA,lengthSignal,fast,slow,signal,net_profit
14.017549693043845,5.396986706616797,7.513578037116489,15.542348103461904,63.74134423297332,25.832405667180637,44.50697889229575,4.048459664013306,7.4330348863404145,20.887543660439384,10.280869922803163,-50000.0
37.64958356661835,1.3685548035160164,11.561323065770095,21.51755343751948,68.62023288515852,10.627156234883397,32.615252356160084,7.731976886087187,22.571225376624817,25.463658122563018,14.705829605501245,-50000.0
10.807407367429928,1.0399683716988424,13.80751452295804,24.22791151960346,48.17987469013878,20.064725144760253,21.664607941047205,14.994539878429265,10.27848442892012,14.075472302266789,11.312175288960644,-50000.0
44.99228125460456,1.933487672963097,17.948628852861923,24.215350031519637,71.24025192860587,22.906959365143535,40.92745469056248,5.317055107032841,18.089665467654747,32.47442050706215,11.866312098751894,-50000.0
38.91169517814348,3.7316898560100533,18.223765765375067,22.86155058355899,69.18712225888473,19.278489991171156,28.746115605087358,5.545281844141996,16.297223863319314,26.505113182612995,14.655701344473512,-50000.0
