stoploss,squee,lookback,ema_length,conv,length,lengthMA,lengthSignal,fast,slow,signal,net_profit
31.877873567760656,7.29606178338064,6.588958757150591,16.395506127783904,31.480098631502248,34.797930183272555,37.6853288194472,10.603348646168879,4.896726488128243,19.0562329489094,10.707505008038542,37.29425286447895
