stoploss,squee,lookback,ema_length,conv,length,lengthMA,lengthSignal,fast,slow,signal,net_profit
1.6277986257677846,1.7415130261691016,12.914005658621656,13.524609423404037,49.63399850136333,12.776189777875805,36.39199642318444,7.201318763754537,11.587800605841304,30.328795476414967,7.026692619894242,-50000.0
1.3631891112615868,1.5090091938377006,8.334748499495563,27.082929158931428,43.3065668461302,28.391494419881028,39.274049786075196,11.906424474276042,13.136312083047688,31.42022368970474,22.04117830575129,-50000.0
12.126403508041417,2.0428318006054935,12.951952175953387,20.951934544299466,69.3527573185459,26.586336288423052,44.27124257807942,9.452267457136395,9.899812334265327,35.98205550346101,15.949625116917664,-50000.0
40.19483057864268,1.4167904894457446,22.812239952365346,18.40182769910328,47.253855235362536,31.452789348786755,22.731463552207902,9.35236839685338,12.545565866604978,14.541058703623932,10.431839826859479,-50000.0
40.29335854207671,2.7508652738147257,11.809038499140136,27.495222134629266,54.763013357329434,16.184132559254223,28.040692899170867,16.663823005170315,19.209433146999395,31.986426319959694,18.441838951459097,-50000.0
