stoploss,squee,lookback,ema_length,conv,length,lengthMA,lengthSignal,fast,slow,signal,net_profit
1.103251134744715,3.1384771912104257,13.496714487294117,20.403739882389168,38.7580189047312,13.028073105232757,31.911479272573004,15.833419559621186,12.813164417171057,27.009327259920816,12.674595967617794,165.5337443262797
22.92307685522607,4.056832678270281,14.99551560772163,14.380039314626167,41.78220617710866,14.371201593550628,23.689471329036138,3.597711583773122,17.499212688217373,24.07463530122912,18.363141016780965,-80.61822004925489
