stoploss,squee,lookback,ema_length,conv,length,lengthMA,lengthSignal,fast,slow,signal,net_profit
1.9977486551599055,1.080598608434928,7.244290292615085,19.801100337646822,41.51703364908599,25.091813835410758,34.07453977187939,10.907654046867382,20.460634829952724,26.174212484360968,18.217058722677763,3020.504549651625
1.9127474762141772,5.314302008234528,8.62720623224689,19.265857960331626,43.23330295229573,17.17969998011423,41.410973170948125,12.207943579044194,12.494590321466825,30.807342663528086,6.8124634518866936,1789.6772105713026
