stoploss,squee,lookback,ema_length,conv,length,lengthMA,lengthSignal,fast,slow,signal,net_profit
24.91033010509532,4.320600195030402,18.588046008480113,14.683140515725281,63.30743157502545,23.907857316489405,44.445000254862244,16.98441356896926,12.163394370265692,28.88367382208316,19.5205971286463,97.58167061216955
27.586563879823295,3.098295832775108,11.769523465823807,11.180990301304277,52.782998377624835,19.02721444290022,24.271445581797884,3.036994677225076,7.498196732118844,26.75532647191349,19.32703658643157,34.785677827825566
