stoploss,squee,lookback,ema_length,conv,length,lengthMA,lengthSignal,fast,slow,signal,net_profit
31.95137398311725,2.3334466917300176,23.829401004280445,20.703049096412933,43.740805563335456,24.6582947487794,31.804441782350317,7.961362910806404,9.664048939852155,37.97220302351491,24.9086727252625,1667.0098861776326
