stoploss,squee,lookback,ema_length,conv,length,lengthMA,lengthSignal,fast,slow,signal,net_profit
8.27649199356827,4.6418797554586835,15.70793370965469,23.882085509055738,63.4284468069801,27.899002683023777,39.65146029166622,14.334264547642205,15.776117027551003,22.496718556374496,14.452707632537454,109.76717614148583
3.5225050268167744,2.920981961854045,12.17868649546939,14.133800841697964,61.57842299554363,14.066116356080766,25.649519290276267,14.80830667276508,10.955030506390159,27.521752699012808,14.796755731715495,52.60997989273892
