stoploss,squee,lookback,ema_length,conv,length,lengthMA,lengthSignal,fast,slow,signal,net_profit
5.294770187905218,5.935114176072842,27.08063846857926,25.266316380815628,62.10986419266088,19.660494279237383,20.02020214067055,21.11980603337057,4.9530837005692785,17.673193392499936,14.53449697182373,-50000.0
48.7975137493845,8.573338629116677,25.253914385253136,9.935365652547533,72.9683849979499,35.240282034842934,37.55837774759719,20.02861648562908,18.205424805579117,37.29933512960373,22.775214378027037,-50000.0
14.907074737750985,8.12018396255215,21.61648885922524,23.357869808404004,71.07472812640844,14.33094741123081,38.282248989316514,17.256930250320707,16.07626313641066,36.10038042745282,15.561589931165294,-50000.0
47.99180613127592,0.9896809218210756,7.794994901084916,19.528572602660503,39.0574861851901,27.20436389094019,40.904566168407285,10.24906417847371,4.98972275083072,11.521912904312392,29.125916553203925,-50000.0
43.81257260286151,0.47576822652905637,7.201204371140497,11.055067178522597,53.112887320912336,29.86894373313417,37.43735941414982,9.077783025254018,6.280717959132632,19.454071639633078,29.24329352804121,-50000.0
