stoploss,squee,lookback,ema_length,conv,length,lengthMA,lengthSignal,fast,slow,signal,net_profit
0.42894262441713843,3.729420049942542,23.67985349501139,20.80223960580352,68.86659071705742,29.274286654376535,42.57260429308259,16.309852236814717,5.505365014591691,25.44431280293566,14.669006770270808,1295.5759644403265
