stoploss,squee,lookback,ema_length,conv,length,lengthMA,lengthSignal,fast,slow,signal,net_profit
6.087015487935733,4.026478139066317,11.402086552750097,16.26274489330596,50.5222810398865,28.238894188199424,33.22396446864631,9.381736171018805,8.107751786970411,18.656627232226096,10.935456379140653,124.01879865685987
21.79319281711092,5.163442250740147,15.422821460422295,24.852362212482063,65.5040688995783,9.295770836881703,34.68367487209056,9.123998674879225,15.052146588131734,27.873042667026056,12.35919127054044,-0.0
