stoploss,squee,lookback,ema_length,conv,length,lengthMA,lengthSignal,fast,slow,signal,net_profit
16.310990007199692,5.11199949653067,15.568063751608301,12.312751531747363,66.31820424945215,8.575805837368385,27.94425985526967,8.766474344877315,13.626453886855787,15.74990566022291,12.903176302888376,500.0
7.181885206671202,5.689080103762963,17.304221283571273,28.570281312274957,53.17919584486709,5.0258933228812355,43.043264570672626,14.438625836384066,22.72181261111677,22.30290257521259,17.04340414375395,-28.29920105929341
