stoploss,squee,lookback,ema_length,conv,length,lengthMA,lengthSignal,fast,slow,signal,net_profit
18.95896279836691,1.3429373373797917,15.631052594485212,26.362397195000355,43.17403501203446,11.741237114638997,27.41801304533035,9.884531136294822,16.126428171475688,19.69903973008976,14.330799417298937,98.80518600817595
29.783135591503974,1.5521728073024441,11.738643688389255,21.699551872859928,61.658162619726795,21.029496978977033,37.07838773960249,11.733938992555926,10.92644640817107,19.635842431382937,14.56244537130482,-500.6319491405302
