stoploss,squee,lookback,ema_length,conv,length,lengthMA,lengthSignal,fast,slow,signal,net_profit
40.59370808582335,4.417475777034019,18.38155683133909,22.71787913392786,41.268226011351615,15.338713795561233,28.174528116682655,14.210559343727384,11.57736837874527,24.78929935686008,12.230052660925804,155.9
40.93650256420481,3.563549152882337,17.673679696546046,26.70924816400576,42.71592670788596,16.952546209580287,27.695613351278794,12.278816971221945,15.766130257398807,30.4020251448156,18.560451426765034,151.9
49.89153179585194,3.7472081736601996,18.395250116983455,25.40360201400538,43.19716439997157,16.572693937566193,27.648744814527543,12.891288139187406,11.431985260239511,21.835829229874637,17.882520926252074,151.9
47.74820620131631,2.355268670749591,17.26920172050595,26.28789406710455,40.014177625436616,16.80356422305411,25.24740063497777,12.232978775887334,9.832597920262058,19.158709149197005,18.21695004858293,151.9
49.9481640432329,2.791506361470969,17.545568636580075,24.688935970444312,41.10032467464645,16.332628383244497,26.814583558817947,11.449559052271656,11.865366604904274,19.270540561822756,16.508420145697166,151.9
