stoploss,squee,lookback,ema_length,conv,length,lengthMA,lengthSignal,fast,slow,signal,net_profit
42.99648846657526,5.368857573626263,9.323015607485173,14.011254836208598,56.29134173154219,26.265934885097913,25.355335971655286,6.291956293461077,13.78927186604901,24.4558818421677,15.2110784727277,1089.0421384010979
46.04306648770719,5.554882718002261,9.17573070026091,14.006080027644307,56.28658605381199,26.126706600101652,26.678070007659294,6.155281250089711,13.009787732686993,24.09725820926389,15.865007850990366,1088.0693351229274
43.263004026527305,5.441202374847035,9.30151205964576,14.005739939097426,54.998072483490716,26.187158940868123,25.476369570765385,6.177822728673339,12.604679248834383,24.473062749437098,15.562738984451904,1078.9439516816733
43.6119325178864,5.416059261964309,9.199492930367965,14.00934330213893,54.510299563240785,26.472093713535134,25.73354548724104,6.1615617877983775,12.89975079063953,24.01958700470314,15.765975505514833,1074.7568097853605
43.349467224109915,5.423065076802487,9.375801627487435,14.013243521638197,54.67086206848042,26.537403551320686,25.545515883290637,6.008547771046843,13.697318009725995,24.123492273124377,15.85893281667325,1073.1563933106795
