stoploss,squee,lookback,ema_length,conv,length,lengthMA,lengthSignal,fast,slow,signal,net_profit
49.959318474127,5.28390805872156,16.865051730698816,17.784125044540318,49.17567302629323,16.843791856778633,34.73666866504128,8.843903662647696,13.98232168377422,26.94674505465688,17.67306017476208,256.75
48.94545999794787,5.627788042469453,16.084563313656982,18.122101245820986,51.52355697931817,16.92746729181573,34.80230090333473,9.102445705218594,13.655859338972187,26.095987017875135,18.99765408035982,256.55
46.26482753444701,5.3844130618223724,16.67917811236167,18.611721325342465,50.310173679722936,16.09746317477319,32.873442109295034,8.337727441445821,15.1653508883262,20.593323525502257,18.7170074387078,256.34999999999997
43.56359483008762,5.910714696974695,16.682458679537902,17.678546159108215,49.804463439478134,16.20458314938156,33.41576595277902,7.039061511395827,11.59058020157945,29.3164697015,12.102641506896918,256.15
48.91175475626142,5.281883753590376,16.270833969009697,17.57384256331589,51.01505404522496,16.946265480360648,34.63776403922133,9.063902583646444,13.908158409628184,27.066399076722288,16.84056668945537,256.15
