stoploss,squee,lookback,ema_length,conv,length,lengthMA,lengthSignal,fast,slow,signal,net_profit
49.95996992855774,3.6359253357026198,18.433805909771216,19.123879374556157,46.533319478648025,21.833360707260947,35.564168996114574,7.740760094468498,17.25061029713644,29.754832148611108,12.805820015225846,112.0
47.38126752191895,4.684298858003363,17.930550870706455,21.953381945594963,54.17854236558653,22.206810935009464,33.69227502661312,11.023802284535904,16.36859728136418,30.46373419774146,13.453201055452276,103.44999999999993
49.18147249052852,4.475720283233338,17.75246995058398,22.643439819502618,51.63534493763537,21.93565853015302,36.84342421919408,12.22330078259077,8.254568222325375,30.903600241147856,13.07122950184277,100.95000000000002
46.62822264084013,4.5742364077850635,18.527092718046234,21.52007649691244,51.65192325594429,21.649080660170416,37.56208388091684,7.218643229861007,17.25734735349753,30.31539529422311,13.489527175269219,100.95000000000002
28.90202448010963,2.582865422284128,16.165306883139344,22.415316192276986,57.590511404066866,21.771269044007532,36.58674789514042,7.603742466415514,17.049199616604227,31.96523746353746,13.87758557763964,100.9
