stoploss,squee,lookback,ema_length,conv,length,lengthMA,lengthSignal,fast,slow,signal,net_profit
41.89123234215346,4.433109018988026,12.591088395269546,25.614939289380278,63.561384623649246,19.557905840085514,30.93494951884467,9.372480793767862,15.549211439779882,30.593349008243504,15.046447734258406,676.1263029735392
41.31635745205173,4.770640981515036,12.709898429093172,24.999780901579832,41.22282844705549,22.80296628686514,30.28821308936776,9.404295122318691,13.430752554276728,31.370074414773136,14.962864352569156,620.1682127397421
48.92098039461934,4.907667328024902,13.185027478419553,26.538870462301666,61.4038477565834,23.857015504862513,32.09378172765203,11.206519206453526,14.110654194165955,29.254839122055074,16.40078719606971,614.4241176322853
44.08883626085422,5.0616882898034286,13.320049156406963,25.55289818471975,43.26844409490781,23.999091945881023,32.7031434576182,8.565982164058985,12.897747118021352,29.340070437112473,15.569300379600401,614.2058186957274
43.961743976749844,4.812913700917117,12.041185683303807,25.894488275792185,61.15533525399008,23.2944010594216,32.32146202943709,9.424708295599585,14.5875257905829,31.99644562201122,15.732543596407528,610.3412801162503
