stoploss,squee,lookback,ema_length,conv,length,lengthMA,lengthSignal,fast,slow,signal,net_profit
45.51314649771836,1.4871711611067502,18.217204517478653,15.364368868595678,60.46176691979033,27.70095176323814,28.934503625911073,8.793501576307424,12.984993784118778,21.381734249604477,13.487680148545444,177.94999999999982
45.10224879614245,1.2976435081869573,18.784107757589698,15.424818530661895,61.98774502740219,27.355442745848812,29.802763855768838,8.315646445475,11.174732124460938,22.35980043671265,13.664078254482995,177.94999999999982
41.723265045662735,1.3386922942688422,18.20427328199439,15.35009963016123,63.33701889475556,27.42110408627153,29.293015245124696,9.21976588560217,10.488751216433519,23.385192116446067,15.154704525974973,177.94999999999982
41.79132625521714,1.2866436841110684,18.142129429159596,15.330672818148427,63.35289986066268,27.836706158566756,29.619111776188028,9.199330753806032,10.040411140187503,23.614773787285074,15.159008892159925,177.94999999999982
44.02077819607852,1.3221441368506692,18.439702900609774,15.426753225002045,63.15538561471648,27.79171908718173,29.445201833393995,9.259543554010532,10.64848753317701,23.32160642313145,15.28488134606382,177.94999999999982
