stoploss,squee,lookback,ema_length,conv,length,lengthMA,lengthSignal,fast,slow,signal,net_profit
14.550363793571078,5.295266443358608,15.557847677527459,15.942404098017734,40.00724917839648,16.390463355089505,38.14644973352954,12.855502421731023,15.320444483592983,21.735358064007062,16.855722706614593,257.7485448257157
14.696763039534897,5.186781032088547,15.33243761762605,16.37131319233402,40.024348656624525,16.28217154370731,37.694714856367575,12.695834293192899,15.836551155693638,21.47036094308967,16.40603996871095,257.16294784186005
14.715801008763087,5.272647803561595,15.497470203497064,15.794810035141532,40.008781316290055,16.11729742306613,37.34353035322666,12.44295108571954,15.720187428872377,21.2173406624979,16.849950916144845,257.08679596494767
14.47255513409774,5.406832428786224,15.161506470041639,15.991103439601288,40.01945085853132,16.787801607325346,37.93187600824051,12.901760054129365,15.111698591580792,21.330223320291548,16.56283218525724,256.78722432951076
14.478474200249794,5.377454407833273,15.58406545518429,16.439646316946593,40.00119974102509,16.551113204509296,38.03142607453369,12.6530052388486,15.478680218951231,21.30510982089901,16.324043392799908,256.75762899875053
