stoploss,squee,lookback,ema_length,conv,length,lengthMA,lengthSignal,fast,slow,signal,net_profit
43.89382850325865,2.1493109988493173,9.00127962139422,14.21442684095646,51.06929942284841,28.257482525896442,26.33470068373711,10.135978674602379,8.391073701151415,18.808262962030568,16.833546769639767,459.6061714967416
45.29072687158034,2.1357125748399226,9.00401639560985,14.24079222038871,52.88540512755891,28.34296828544,26.334708528380432,10.163607539183063,8.355466168750176,18.793876580759978,17.144694878443772,458.2092731284199
43.56856089053939,2.1694742997675815,9.489683176209583,14.921689469849598,49.90322101564119,28.332874831529907,26.476699117016093,10.269052546424597,8.641979782800927,18.799581267453643,16.91982255713856,448.78143910946073
44.45328846657535,2.4313510488220347,9.834513177208564,15.156080289515089,51.08725449840406,28.31422042999725,26.457944069288786,10.481479989234748,8.734881967382991,19.20912379592774,16.91154106890397,448.746711533425
43.63982848220071,2.351184993189746,9.008408673881847,14.734271576171746,50.00485447392148,28.059589827923208,26.253040996208927,10.337868554928708,8.185095765801512,19.261613187469802,17.010179564718047,448.7101715177994
