stoploss,squee,lookback,ema_length,conv,length,lengthMA,lengthSignal,fast,slow,signal,net_profit
46.76658119688141,2.9031485166511635,9.184473922676434,16.6057766774378,48.40614594637874,28.61896963503094,38.70658398232601,14.988247238759191,16.210287007710303,21.689729854437797,12.73418588134848,829.1012820467749
47.082613987628655,2.9873919818455685,9.212382940657966,16.61125353513962,48.2220828949348,28.265778759561755,38.291893983568265,14.670681112530273,16.458605339255673,21.981591658322234,12.864344125340013,824.3607901855676
47.14939115708318,3.0111297532528125,9.217737412616176,16.60005192252982,48.34183543956073,28.345336320027478,38.54397984068832,14.995864328050226,16.18790346184155,21.625842614502368,12.781296133183748,823.3591326437527
46.78879914357864,2.870498016324632,9.157180470523267,16.604376627655505,47.16376270862806,28.98723182077234,38.136792854353445,14.996432832403954,16.11541844077104,21.827013421092538,12.924731722356748,805.8792137027513
47.617907133152755,2.9006392940096988,9.011592053051071,16.528391320465204,48.117152826283494,28.98950990445644,38.06296861633269,14.669907500797164,16.5342545506706,22.262674128519144,12.835461627345289,802.2493001358653
