stoploss,squee,lookback,ema_length,conv,length,lengthMA,lengthSignal,fast,slow,signal,net_profit
27.043986637121897,1.7520299320433512,18.103103313951767,19.436783670779043,61.12038010512915,21.02830382893351,33.53106079444157,10.92270719823368,8.470897151031226,31.503173252463974,8.414102180473598,137.75
31.048718750773492,1.5801986387294762,18.669956415499286,19.240124132932053,61.41202455275882,21.337164806933334,33.10394943117418,10.190453627353595,8.22597878058402,31.993884297607757,8.580217980800104,137.75
33.64633097718877,1.6882020591996345,18.370028172557543,19.134815491228032,61.222890000597154,20.766854365485397,33.9031587553711,9.774999554543026,8.499337753096478,30.82543764325959,8.669119424329157,137.75
29.48683601682394,1.7430993896978841,18.32824926851251,18.996325756856294,60.99978476920164,21.672425817763962,33.09086758372009,9.703011567645504,8.498082822240576,31.09015054423348,8.420123612940344,137.75
28.08761176247594,1.9241902805794344,18.37493941515163,18.816695595448778,61.44964607579762,20.404406247127884,33.59373421893581,10.38400604259126,8.318478648466492,31.99913265101825,8.92875677486224,137.75
