stoploss,squee,lookback,ema_length,conv,length,lengthMA,lengthSignal,fast,slow,signal,net_profit
26.993828973799054,4.0296193565503104,18.77592389296063,14.74727907430736,49.90002863148458,28.996857882594725,28.18416727948649,14.299059309192764,11.206993884008828,22.49093380384867,14.24622422707708,73.65
47.91173302482802,3.691243101261385,18.115000286574876,15.22680965429445,51.06291910524987,28.967792179857497,29.529452545217758,14.992071942067891,11.148492850293149,21.70072827419083,14.379877589637472,73.65
46.846469612173756,3.217427548212565,17.872296526734072,15.518353807676169,50.999279160475055,28.954610901891876,29.849330146726363,14.329083770750415,11.188864934874823,22.040611428394435,14.293930797107004,73.65
40.44910995519949,3.5296780897924784,18.616145551162532,15.33801901931577,52.038454811624156,28.995642283453297,29.778505221094292,14.414047817003084,10.339620924453557,22.714117960531777,13.790211731449183,73.65
27.119676305333073,3.210887146329023,18.860487034960855,16.37080256159663,51.97636937545315,28.997182910919538,29.30229741817711,14.560866876043697,11.077561599364618,20.082963377213204,12.651004884693595,72.65
