stoploss,squee,lookback,ema_length,conv,length,lengthMA,lengthSignal,fast,slow,signal,net_profit
44.72895228697118,4.957630273525793,18.34446103061535,18.219079807182755,65.98257225938997,28.596686642766755,39.53114362765893,10.189292865768019,10.273674319580664,20.39041336201372,17.598147293888008,363.41038187936715
44.795375317718346,4.993097455582758,18.64264644420029,18.562734168966976,65.99983839057488,28.027543161931202,39.68393082105251,10.257972822024694,10.731230155399535,20.903060303217202,17.985853777189536,359.0842735791241
44.15140947093266,5.073599809608569,18.847106801958937,18.399534698395954,65.98997185741372,28.632881801088104,39.99166331916826,10.77833791820093,10.703417988688159,20.30848449011939,17.651883724978873,359.06629765837897
44.38354596036402,5.01828827477676,18.406090114920005,18.338449542631846,65.98324250902806,28.59163198096069,39.889710340273815,10.162920968632827,10.615819775479597,20.818680330437477,17.84456226941153,358.8592864799191
44.29491251026454,4.878117130124463,18.328252771080212,18.681772912562206,65.98329189528782,28.65207783341805,39.948012078007935,10.132106015662538,10.722470486511495,20.828813300517446,17.947940528538457,358.3586838061417
