stoploss,squee,lookback,ema_length,conv,length,lengthMA,lengthSignal,fast,slow,signal,net_profit
46.36254237182993,4.828574886393292,9.55964614441633,16.4478904979456,40.03082740015157,26.211985232266223,31.20621907392253,13.23861807590476,10.039302825641348,26.743799611710266,14.556302784820147,550.86237288451
43.77330643547362,4.865767199054435,9.471166275255325,16.50467983185782,40.93480550060071,26.714399211962814,31.355651721187847,13.370119824859156,9.645577921684014,26.675924222135663,14.849776308548082,550.130080693579
42.00856809545238,4.528392944092612,9.753972067715159,16.37885040941239,40.025845031227504,26.640450602507062,31.125717333187257,13.464255094319512,9.96888425817842,26.868571652884487,14.47699674492218,547.0742957136429
44.490283073651575,4.619536010422791,9.33569273194052,16.420132612589146,41.17422755873693,26.88742878670153,31.919917280020346,13.618080277605136,10.26414021251547,26.895062919300113,14.801083445764844,541.5291507790448
43.397833302708335,4.6613988939030575,9.009027288331305,16.507235372367575,40.012324693012744,26.602419221667837,31.503107139613835,13.676576908364444,10.941541453929183,25.17891231444232,14.754893414191772,540.8065000918748
