stoploss,squee,lookback,ema_length,conv,length,lengthMA,lengthSignal,fast,slow,signal,net_profit
35.12415794014959,5.022160197982593,16.266306368997125,14.479911967613077,45.47884367542539,20.01365495405725,39.61602276838807,8.824328464473044,13.619602498766817,29.93113756909519,9.035091376042063,369.54999999999995
38.419938791302265,5.180693549287894,16.090434898269145,14.273408741854734,43.03796588923139,20.52374195011822,39.973856999013194,8.398406197182597,13.964489182071349,29.95583723111511,9.442805519388518,367.8499999999999
37.46518937150064,4.885476631886467,14.639005896361565,15.303331266141125,48.135395371676005,20.049694209426576,26.630109216235528,7.164422222751041,13.569364098783565,29.997420899404837,10.538752586795209,364.9348106284989
38.500717441112755,4.915326754370379,13.610138268531614,16.599579300431806,48.186449531718054,20.210720570789682,26.09167608807083,7.713006644887164,13.1708883855574,29.25888978474203,10.363529913810153,363.8492825588868
38.61414471984679,4.898430326901448,13.588670213217004,16.202646039265055,48.329711124994844,20.44032245980571,25.6833422727153,7.603506245311924,13.172295637942229,29.446019907851973,10.058913042333646,363.78585528015276
