stoploss,squee,lookback,ema_length,conv,length,lengthMA,lengthSignal,fast,slow,signal,net_profit
41.86483009382161,3.401568326792578,11.899694318430347,17.07377619197796,41.32949386251883,18.482563973344416,28.130724981058016,13.323186456074616,9.03413424927215,23.196873850826364,8.391867414103558,316.8351699061784
41.87682046935064,3.474832530109798,11.789116878585896,17.010943709326003,40.902798296612154,18.099850572598076,28.683473442891437,13.642196439837214,9.142697206750775,23.58333184147005,9.141096995869354,316.82317953064944
41.88976994907988,3.383700764845141,11.929485975332607,17.101685482978834,41.186115856448126,18.964174632095727,28.27961187912835,13.208221539546285,9.686017640582177,21.650794146417347,8.32367987372022,316.81023005092015
41.89429295296498,3.624615297214336,11.695950931328495,16.91131134036749,41.03226703107667,18.762709231353536,28.603724922879582,13.763829973778837,9.27009303244004,23.491185492176903,8.546852774847421,316.80570704703496
41.92127245946146,3.530585017611631,11.780642388347928,16.784021107659367,40.40439246615081,18.114508983757844,28.188690164753645,13.863279722877817,9.374236723941452,23.366187055769526,9.138306024978352,316.7787275405385
