stoploss,squee,lookback,ema_length,conv,length,lengthMA,lengthSignal,fast,slow,signal,net_profit
20.053879383198694,4.892389236899658,15.371303029474944,26.754371747184056,65.98632709564353,24.36805445763182,28.118305325330397,6.843276970651524,11.560685527825775,20.457879156055256,18.652324868725927,429.0806030840064
20.058605382982044,5.291722587861246,15.278916430723134,26.99295240817764,62.5378074158417,24.1897552933337,29.331475642389087,6.325633018987506,12.514867894226821,22.18323262989538,17.929985892930873,429.05697308508957
20.058816598381856,4.798896367262241,15.359654043344095,26.769457585281604,64.461791451128,24.068354896089335,28.4929806652539,6.568481927264,12.289745617646677,19.500056582635487,18.663201773220564,429.05591700809043
20.062339150059575,5.4032608748003215,15.104275390085704,26.771998975371126,63.63740337903045,24.968295573314556,28.890890026689036,6.387967512138944,11.617566475098188,19.423400935046967,18.288888235923547,429.0383042497018
20.068156097026527,5.134823240762788,15.175875592455238,26.788965680575906,63.89844577874358,24.4711998917472,28.58582778712081,6.201083492740997,11.802579029558084,20.18665952598038,17.75394161630609,429.009219514867
