stoploss,squee,lookback,ema_length,conv,length,lengthMA,lengthSignal,fast,slow,signal,net_profit
44.50578988665045,5.55208251690031,13.872529041442586,24.843649454977207,44.20195471905675,26.97422426631317,39.99304578098505,6.001384849655233,8.41366321210164,22.96030778642688,13.395336771382084,466.03842022669824
44.50761210926988,5.720492261991911,13.989839849641012,24.797907485777184,43.73343949500207,26.80691352288783,39.997481717084476,6.00569705903157,8.511879748051312,23.29851656238165,13.79236348504323,466.0347757814593
44.55504070791398,5.696658078390011,13.998821909103471,24.777194514880662,43.651749646407545,26.88290711104697,39.992558108871414,6.177407611447851,8.466661341468408,23.211427287237413,13.46132500086962,465.9399185841712
44.61939418934842,5.663009279523969,13.962657701118761,24.80747361390876,44.189974219501664,26.319949498855678,39.97656766910228,6.17163041260301,8.531744213837678,23.303533536353942,13.63139133614206,465.8112116213024
44.70031269688633,5.6709528993428275,13.979917937136134,24.757425979764825,43.595210902274275,26.756800537127052,39.99088619338796,6.347999900547851,8.57537909677463,23.68344691823236,13.79508888381444,465.6493746062265
