stoploss,squee,lookback,ema_length,conv,length,lengthMA,lengthSignal,fast,slow,signal,net_profit
29.267693479340924,5.990168048894976,10.472008018438858,14.433188299815905,49.42182842576102,27.861563486072516,36.40806893988631,11.326315174798244,11.377519359162017,19.53515041277453,18.19276408469586,170.35000000000014
34.14484485088308,5.906089103350663,10.727561227374853,14.427861953563962,49.3268001722138,27.93210362285947,36.59179422974883,11.231016626166264,11.695365569964173,19.481511401091016,18.997758574226438,170.35000000000014
35.80852161688133,5.998548180539367,10.468854642907385,14.589278539952263,48.111770424010665,27.772740238716214,36.29833636527505,11.129829216798814,10.965642028072967,20.56089999683688,18.60675081717019,170.35000000000014
33.68007667011463,5.784296035700192,10.910458890999877,14.423189156022286,46.97355736902597,28.084406388346487,36.89717623725414,11.482643999335961,11.575671387845906,18.823818528904336,18.291288806525948,169.7000000000001
39.49490818789568,5.899577791542954,10.453799162458452,14.280130211428553,48.76150936221097,27.62782662019708,34.61529050140874,12.564563165048956,11.82979297244817,19.880289376672327,17.27929403852605,169.4000000000001
