stoploss,squee,lookback,ema_length,conv,length,lengthMA,lengthSignal,fast,slow,signal,net_profit
32.20082569631263,2.0362998791525966,16.257563468935057,26.602562677821194,61.516282551627704,27.691630029841466,25.456906587356357,12.758542210695547,10.628951007976012,22.244496363957364,15.001151890054697,159.84917430368745
32.2017458748082,1.8175343975003,16.495016618814816,26.979274861772513,61.16583097965741,27.029840729292278,25.649262555007503,11.900639010802248,10.147946350692047,23.06554027217472,14.961085102791452,159.8482541251919
32.20789458654215,1.5768940743878925,16.6497067383362,26.995414748024704,61.99772472478087,27.498714999958864,25.90026322046378,12.94118720509537,10.547323842028714,23.774795949366514,14.864754178048328,159.842105413458
32.209420142756805,1.6498984414661502,16.545306834430633,26.996612612007876,62.435148527876215,27.238274737251146,26.239614019967338,12.663177355666974,10.836031152792962,22.392984020504773,15.02463495646698,159.8405798572433
32.210467139259755,1.7615324576558204,16.48569084137175,26.994694007365723,61.903523682211684,27.746262749990027,25.801735443672083,12.324796945729021,10.350227315187835,22.440157773119637,15.447141418298871,159.83953286074035
