stoploss,squee,lookback,ema_length,conv,length,lengthMA,lengthSignal,fast,slow,signal,net_profit
30.677783395863404,4.629519676670587,13.553741364862976,18.868400115752312,40.007216625151166,17.405542453731023,39.76486758806302,12.866368981111986,10.701403512604072,21.64655865462923,16.299420356393956,619.6666498124096
30.80247882438419,5.994922797884684,15.41866029867734,16.900349330445295,40.87848254413759,16.076061664846588,39.56340933637423,12.80128043279335,12.029556961062806,22.335403819139955,15.673536173979016,619.2925635268471
30.55236185879495,5.605425254796548,15.857689893275149,17.02195140753767,42.429013588122196,16.595578929150697,39.72931611088504,12.938552311611854,10.41375874914929,23.9528424824133,14.488270678917768,619.242914423615
30.564009804601106,5.80800801582386,15.673701479841661,17.09261833278667,42.43469786412995,16.586419263227153,39.67921656027048,12.83639727904006,10.699419195967476,23.354286246120488,14.81041765938371,619.2079705861968
30.56824341078061,5.697801540404649,15.885803864617214,17.256959926988426,42.060274978852824,16.461579979821355,39.60234706227492,13.317826171813875,10.769506721043616,23.494798154948167,14.00780664356161,619.1952697676577
