stoploss,squee,lookback,ema_length,conv,length,lengthMA,lengthSignal,fast,slow,signal,net_profit
14.130131140833061,4.225702332635075,15.959928236022652,19.721012354450068,65.04485090488141,26.723797730605888,36.469026383527584,10.443726846822381,17.492369324444383,26.485802410733744,14.607829670725799,441.8390820141683
14.200055886116214,4.3387729583059516,14.282728044690488,21.293073168060925,64.58877940015036,26.953547252317357,35.82818752732371,10.839824178510037,17.998772064870337,27.30922786214515,14.916107276810463,433.49955291107074
15.2118457375268,3.8174754917668285,14.690136231970612,20.785375710224148,64.70320148375393,27.371202009182674,36.2273663769886,9.746537198966292,17.414870562316942,27.79444620232652,14.551009789892104,433.3052340997856
14.18677128689211,4.192672471257321,14.260143711850477,21.604368349075965,63.76725715911701,27.542319441813127,36.44535935744794,9.867773851820106,17.82150422863728,27.487417896865594,15.530718052607009,432.60582970486325
14.789202547330678,4.114051825228517,14.738128713905756,21.391752614414447,63.89169596849698,27.259305483603672,35.73109734685128,10.618261199969593,17.85992373814383,27.71161391990442,14.798054815374073,428.2471770740241
