stoploss,squee,lookback,ema_length,conv,length,lengthMA,lengthSignal,fast,slow,signal,net_profit
14.05214308289959,3.042329111765507,17.50831046040307,14.390349492485367,65.98357784269984,24.583580167635944,36.648918071780855,7.065447632698472,11.502737429759684,25.907762396906428,18.24083400154258,371.8742830052074
14.06467219440531,3.076473824008688,17.387020433931923,14.437593002253486,65.99027988041205,24.761250920030548,37.0056804620768,6.171646700004127,13.0544861108448,24.804668709650983,12.256267678961674,371.7239336671387
14.066147374898446,3.096664404196319,17.54908110176859,14.00818280912892,65.98921535084249,24.121398637436243,36.263769426339,7.065559863052953,11.327019618382568,26.451545125534963,12.675354737061573,371.70623150121855
14.068904518596288,3.0618536721731173,17.743878988434886,14.231209340293438,64.45201172388755,24.952703904760504,36.68142006031181,6.616018471941556,13.417381848496396,25.873003581378967,18.99807418084539,371.6731457768442
14.073936297303025,3.067039931913671,17.77867255095912,14.210907291440718,65.97323997210505,24.290953449041034,35.328600500036586,6.792107564935914,12.887796750885459,28.351747523891852,18.315013135461328,371.61276443236557
