stoploss,squee,lookback,ema_length,conv,length,lengthMA,lengthSignal,fast,slow,signal,net_profit
16.99494208168866,5.009634877697701,10.733632087173401,14.441672799686115,54.516515301365715,23.35369679479202,32.53998393222074,12.120832872580912,13.501986336496707,22.38171023858151,12.076500217180538,636.8910425296021
16.804665908359457,5.182684279053557,10.164623373414273,14.320489697808208,55.22931344836829,23.484430904008637,32.50525360286423,12.58121512271564,14.30299624309024,22.419505469806428,12.047937026122325,634.3613477411736
16.831792654127785,5.1604579063272356,10.784628426256232,14.43658236923222,55.010564489216485,23.74445075336808,32.62540153595771,12.19582740514809,14.448845021964969,22.10185957106667,12.500488442969022,634.1459395715756
16.851860684118112,5.100651381185074,10.140166795705236,14.2885986283298,55.443572782499196,23.339559918015194,32.543329391320725,12.536918167473889,14.337350044606755,22.57268913163045,11.816985805710686,633.4646470017578
16.873601323967133,5.578939158282812,10.73640630616051,14.408796772085816,54.558135317530294,23.783597124268354,32.80958693726144,12.598948363130003,14.504801438059093,22.4835893952181,12.946672281625544,633.0515748446228
