stoploss,squee,lookback,ema_length,conv,length,lengthMA,lengthSignal,fast,slow,signal,net_profit
35.326221734762235,5.805459799212743,18.304644815978822,15.652826217417557,46.79091533300305,25.008244130774983,25.01298672628506,9.842936801269882,14.114842517464426,29.00740673303301,14.563340758575762,287.4475565304756
35.463447745805304,5.7873747560355735,18.154051292126336,15.592776470458825,45.52523121564688,25.36953087074768,25.70669159021938,9.251555705052777,14.230177524614453,28.48616932451919,14.810628035266106,287.17310450838943
35.98330452230177,5.72883672670397,18.506794516427835,15.710082821544502,44.890868773340344,25.525454927854543,26.29913089501203,9.442545869103393,14.876379431221816,27.17979401842546,14.482696078160437,286.1333909553965
35.994654000080494,5.998173045329132,18.09746547915843,15.686822516735159,44.68227261278798,25.726185245756632,25.680689934677066,9.329137635786443,14.471872758162927,27.80807754145247,14.63016481524789,286.110691999839
35.994886218419495,5.991284960072466,18.604570857722752,15.706202026311953,45.17495797233929,25.611031993773786,26.497103493616738,9.931423908375782,14.160550390502353,29.68502774538567,14.48504706083092,286.11022756316106
