stoploss,squee,lookback,ema_length,conv,length,lengthMA,lengthSignal,fast,slow,signal,net_profit
46.03590451720767,3.9232505088777954,9.110351901632693,17.12475222832629,56.66768559723978,25.628270753890256,26.975665456743055,8.209098690440447,9.371920504635291,19.037065906518006,8.078321251172074,547.4999999999997
44.87830051793132,3.9168848107953464,9.284135147029907,17.25018005798621,57.48890718976748,25.124787252309147,26.794318257221118,8.459961493890901,9.371091106234331,18.937481108016357,8.15086111813338,547.4999999999997
44.5944381997107,3.9063222699000235,9.021513977376413,17.14480529898247,56.45502948648914,25.55453648512881,26.80025045475786,8.327233218344531,9.534445054628332,19.016353969552785,8.02946798171272,547.4999999999997
44.53378865436252,3.8842019959157104,9.193164126110974,17.412114654494996,56.31028888379634,25.978483862877884,26.665004913397098,8.80006898004149,9.540842181452481,18.9905839067018,8.282314866750102,547.4999999999997
44.70110028456954,3.9206214696812176,9.14096758718008,17.34746392947897,56.31923815037343,25.28778906896095,26.552834890469306,8.812592493622814,9.719600521045592,18.49365486409844,8.04734141636602,547.4999999999997
