stoploss,squee,lookback,ema_length,conv,length,lengthMA,lengthSignal,fast,slow,signal,net_profit
9.707181007499047,3.6368235212612716,11.840212616279906,18.999773042512352,58.069236723409325,12.704516636711777,34.98243626105718,9.06149013322405,14.785880846194656,28.280873358457878,14.029291029571915,28.742818992500958
45.01850679721497,2.9391037885341715,12.217294911414273,17.33041385782272,64.03079202000059,11.740412933480721,28.420378459119593,12.905750347480003,16.183702401337825,31.97975545888179,18.464507209459526,24.55000000000001
20.517898026784902,2.4723426281715195,11.372753604599732,18.08822378804846,62.57948736152827,11.912168222243116,35.53657017119363,11.059644957451766,16.16609595989014,27.871284400852,17.0520898178559,24.55000000000001
22.524759042169652,2.7604004813098384,12.109351925380736,17.6873481651845,52.329060624183484,12.593852992425312,35.17482406289101,12.554489991733554,15.878018174653661,20.44081804668315,17.684161165235,24.450000000000003
41.79057913967715,3.22036961118142,12.345314910940424,18.855322835002827,63.83329091822023,12.316522551737634,36.10712685766761,12.737211964357911,16.57885535066925,31.51496255144121,18.57984467160813,24.450000000000003
