stoploss,squee,lookback,ema_length,conv,length,lengthMA,lengthSignal,fast,slow,signal,net_profit
42.99432319005851,3.5103312363949564,9.62348965698942,22.299327456297878,44.444395218673066,24.51158254703749,29.272877567882237,9.375444945462547,14.898821854089492,19.357178195730356,9.767841536030708,810.6897376695915
43.07305842290123,3.719488024604474,9.327696388656385,22.036837949465028,44.60842893221952,24.52095593208822,29.480315619186747,9.144018169964786,14.179265603353185,19.203685780353823,9.254285348811527,810.1385910396907
43.08674357555036,3.446681896403624,9.425211436021062,22.084176885252813,44.98776220230224,24.30472613685209,29.047063854663286,9.2794505473216,14.844034934367398,19.12256891332688,9.721414010964358,810.0427949711475
43.112869068043025,3.6061668256709454,9.699424569347284,22.488239188991976,44.252586156845595,24.591345414872304,29.212765092367466,9.197674235919209,13.871626531660418,19.00443313531956,10.027555730582533,809.8599165236992
43.116701428676386,3.5882389354504456,9.726652632837384,22.469812617016235,43.986350124494415,24.55729658906601,29.195575402274294,9.353282664350145,14.538416733450603,19.51565904108108,9.757972157204808,809.8330899992638
