stoploss,squee,lookback,ema_length,conv,length,lengthMA,lengthSignal,fast,slow,signal,net_profit
43.601260599040764,5.779508336028031,14.791954543017491,24.708689361749745,44.329464669976815,18.326611439599667,28.768966897959814,7.363324244323444,16.101945319254536,29.805937025340448,11.01741203422155,337.94495760383666
46.02101180852672,5.762170498624745,14.120132142506849,25.653625298079962,43.47398393004592,18.34484110389556,25.808484577560964,7.3224837287606395,9.981974643733473,29.415175078319113,12.304882434277857,333.34494095736636
34.10106647498222,5.940529970990499,14.375135460740562,24.309386038312763,42.09015973040115,18.745160896935115,27.96980867390606,6.6245087506683555,13.301896870904617,28.56195463140868,18.979811371232053,323.29466762508923
34.198861279720106,5.806192708108777,14.900503702603986,24.37895225474905,40.007000112805805,18.993214691601196,27.555625158794495,6.002406682669023,14.892980601017042,29.477031888647733,16.952975159707886,322.8056936013993
34.21663608433153,5.968523841385283,14.410759830984894,24.29981087803606,41.83983022345624,18.775791327660176,27.90498083980147,6.590552472254384,13.242385685180873,28.585594780047614,18.93048234788692,322.716819578342
