stoploss,squee,lookback,ema_length,conv,length,lengthMA,lengthSignal,fast,slow,signal,net_profit
48.1196899255931,3.2886142484308736,18.850429794449433,21.857082384391596,59.95649745203279,19.12882746286342,28.853385814142708,9.075575028907183,12.041281084702826,27.66841006187706,13.459258870027554,189.5
47.791368415919905,3.2016916172797614,18.856844804071713,22.25917860453874,59.53856473121443,19.112851847544082,28.21307129699873,8.875887357645802,9.65753167004277,27.32587896493426,13.796532919266792,189.5
46.51318156397282,3.1878030121449235,18.81475912492819,22.169244785605038,59.65092949074085,19.228923884591183,25.960185149622898,8.101529329289118,9.530188644796487,26.406380351131673,14.618800966330918,188.64999999999998
46.14941564937653,2.9381167381307263,18.362474830466905,22.995138653518975,59.81745472551015,20.019591446193516,26.695950964714196,7.13169683550528,9.670276907826276,23.85301685367455,16.579894194887704,186.90000000000003
45.07746828141477,2.9234413498739276,18.164642283290398,23.302672814900447,60.34405147972418,20.491129546560266,26.85033245713458,8.086986611281535,9.141917027871218,23.45655082173981,18.213978289555364,186.90000000000003
