stoploss,squee,lookback,ema_length,conv,length,lengthMA,lengthSignal,fast,slow,signal,net_profit
21.812613575711843,5.993847880139288,18.373429101515406,14.806670062200519,64.34526517673142,27.50614362768074,37.72102022255229,8.921172647521384,14.537970044338879,27.44319794697754,14.513356721103971,181.08738642428818
22.27318330187644,5.921201972333497,18.58341557459046,14.76153059137288,64.53713264149349,27.801831970611406,37.27878759264021,8.781280907870418,15.221889078925011,27.130093591686965,14.270307259481429,181.0768166981236
21.839365358243874,5.792564180241428,18.816822825361182,14.86348047942156,65.54313590966375,27.277429353045683,37.397050949395016,8.518157266941234,15.013493323138297,25.663236720505477,13.736715698379427,181.0606346417561
21.85073239475077,5.997219507471492,18.65163773212194,14.813444690309653,65.94748482572496,27.542384700296925,38.064628830265946,8.694058354005817,14.749143195997068,26.046887309804124,12.003058267181409,181.04926760524916
21.950005397932227,5.848652394918459,18.61270233142488,14.814392026656611,64.90497097852294,27.528625293968812,37.02076037292855,8.911182365466056,14.561035227141014,26.665184496605285,14.26161609277436,180.9499946020677
