stoploss,squee,lookback,ema_length,conv,length,lengthMA,lengthSignal,fast,slow,signal,net_profit
45.207755496421676,2.2925542386225404,12.607764383690029,22.9945816046306,63.53894174642771,26.034446481425164,39.35188928136931,14.53545053917295,10.083948028152552,30.189404872228756,8.539769392656503,368.9000000000001
46.12041249168999,2.9724821005623254,12.811079981907158,23.20655119802263,62.26541321294776,26.18692831830634,39.03818695543461,13.838270022978005,8.32325074597781,18.934796813748324,13.608483550018452,368.9000000000001
45.2445325736074,2.6662371323662843,12.60222902413953,22.8369116468966,65.94915001498696,25.840251619860332,38.47173719444743,14.180190928301394,8.816097143335423,18.599848516560822,12.405256540377406,368.9000000000001
47.967421032032505,3.168007918068443,12.990144273043569,23.132383885216242,60.838242103851144,25.893111638099207,39.71790680580022,13.843301113792954,8.758943713433096,18.51959524985638,14.374365426351432,368.9000000000001
48.18213874053804,3.043874879953239,12.459414067306826,22.755482936020314,64.29517472318703,25.475586060612216,38.59763110998204,14.227407839505926,9.007514944103303,18.665436155103666,12.761491317371604,368.9000000000001
