stoploss,squee,lookback,ema_length,conv,length,lengthMA,lengthSignal,fast,slow,signal,net_profit
43.5509078585485,3.6358394513243364,15.681974659247405,20.93598158627347,57.32927259189322,22.50796700064994,27.672508545198248,9.680511066406376,11.885739047002382,20.32504986777162,18.101883007649334,899.3427371316138
43.55495593160977,3.3644787538797747,15.47965879415031,20.877763838490587,57.02430517313491,22.508307593908576,26.954919236439338,10.538518087116627,11.789535023442278,21.48939866319163,17.789700902509846,899.3103525471233
43.55660256004489,2.9812815731202935,15.922153500913566,21.043054288953336,53.34678897481092,23.382609626175974,25.004649422327414,10.243411090977759,14.761321138755067,24.326995284003477,15.601213370852465,899.2971795196427
43.574203347406296,3.5903660386537886,15.469831128934812,20.872208573128688,56.669776740310965,22.174213508535424,27.345189745644866,9.499446675270129,11.625896241310366,19.55523056638523,18.177176145083596,899.1563732207505
43.58286078485283,3.4804009288621223,15.972222656301987,20.748461028540742,56.75655651270128,22.728198825307082,26.645544707641115,10.64589471441129,12.261599097194427,23.11657456198518,17.074906666944887,899.0871137211798
