stoploss,squee,lookback,ema_length,conv,length,lengthMA,lengthSignal,fast,slow,signal,net_profit
49.064713724555595,5.261034213877027,15.174712935487408,22.138111520784882,62.589438022485076,28.248381587459626,26.723999376028797,11.207222435058773,8.578510245987939,22.49818783318007,10.180087654301976,305.4000000000002
49.03703685775689,4.950845546934215,14.230461279605471,23.316424810983047,62.045639599756115,28.619543593236724,27.644467220062435,11.485437504926418,8.186210305210674,22.391054062277913,13.880680045913653,281.05000000000007
49.99042527635029,5.998554611106803,14.438166217427037,23.348389030960718,61.07261602742735,28.25770308912542,28.055536400302415,11.402907297796425,12.496950233429834,21.371332515634343,12.849431701214584,279.45000000000016
49.07776795003441,5.125004056659016,14.742496493316864,24.056414627832197,61.41194237499807,28.993744770564383,25.994690923586052,12.154058898701566,12.24847155895273,20.28755199151802,9.471307646350748,272.9000000000001
48.33148036265615,5.830060313130351,14.836336630056898,23.758880389931488,64.35186671450691,28.02033512814268,26.331702402096695,11.825487605986329,12.894952672396155,21.954731337037497,12.388096565707183,269.8000000000002
