stoploss,squee,lookback,ema_length,conv,length,lengthMA,lengthSignal,fast,slow,signal,net_profit
40.60014463018411,5.706952113484883,13.159408409329515,24.972870325788797,61.03117486456675,18.37390032560158,38.12051014914259,11.419846109302098,9.532249447324222,20.84193000039176,18.287869871949816,457.4494214792635
40.60170378604111,5.4728463264589555,13.462006207159293,24.86511514772748,61.54047995834224,17.60603293275144,37.8985750806463,11.290074652962055,9.428139830888961,20.37708371367589,18.225881795804682,457.44318485583653
40.60258207558233,5.832041407975834,13.635579513837962,25.024447635549393,60.82595565168642,17.771921079859187,36.86245779870367,11.325115065083317,10.189567857221537,21.9372875491205,17.943299424883257,457.4396716976721
40.60295169247323,5.730910627016092,13.218004546655159,25.00872953437819,60.7583889129326,18.03554326270258,38.034244352888386,11.359202820935316,9.678320859641286,20.912117774845175,18.267836510411424,457.4381932301076
40.60314481295225,5.600046823539049,13.881187716304735,25.18781954402829,61.37818962696133,19.007353756063885,38.23510264454703,11.07317244174534,9.775506879723798,21.08330961772773,17.847372331414874,457.437420748191
