stoploss,squee,lookback,ema_length,conv,length,lengthMA,lengthSignal,fast,slow,signal,net_profit
17.80913062999846,2.3640478401370952,11.072794317318811,19.44751900640305,56.32184860485404,21.6502988010641,35.97378501645462,6.0012789694072515,14.608761169254894,31.51569370447096,15.500673218251693,433.63608559001113
21.00656233710577,2.0737312351239408,10.17670013050916,19.61508635112482,59.7649083019137,21.98622740930132,26.06425346543686,6.922713826962191,8.931542136245739,30.255729562384982,18.67732357878722,430.5671883144714
16.9559376652412,2.536993736220753,12.707719079824956,19.615031044702196,54.19186473323346,21.584133165376304,35.87267323827671,6.0043731909480496,14.10902453195574,29.771876036902974,15.592165893622106,427.6584363433117
26.167018593145077,1.8792832279530534,10.452918149210422,20.626881798671473,61.24179643651512,21.28130934940527,26.33009576782353,6.801765505882252,8.01006938125791,30.208854298923193,12.906416819094574,427.63192562741995
26.581795782533593,1.874058243691318,10.560067188594177,20.68587661559499,60.76755976997059,21.032915531657604,25.74668341319254,6.984358770454892,8.182634574023092,29.446758231710017,10.545047880312794,425.9728168698656
