stoploss,squee,lookback,ema_length,conv,length,lengthMA,lengthSignal,fast,slow,signal,net_profit
45.45812980225954,3.05645257363793,9.002235920461317,26.726810927086795,60.58930052218209,14.031241562308141,32.592012280175,6.1937723139278065,12.870451485299244,30.915344712830297,18.08108977075666,129.69999999999993
42.947602963432466,1.6222638200972292,11.21073131645245,22.916488280835093,50.51039138805062,17.28544461857616,33.17138492802896,6.636573590360817,8.242782331341122,27.697639314225814,14.339318554501741,129.29999999999995
46.35178113995909,1.4716407769626643,11.098463635776998,24.38668188141795,51.69236074159173,17.429601489229924,33.499036058375246,6.483493054472579,10.59786427231646,27.004712764248488,14.050678883754383,129.29999999999995
42.91489722504573,1.4670158972116936,11.283920948353197,24.014907888171194,53.207866043710915,17.972869477837484,39.928822236660515,6.776497833951121,11.370067794009248,25.52924707286373,14.511180983662008,129.29999999999995
49.83816584776958,1.4110634210119481,10.02814998615299,25.62897454822331,51.456917405377034,17.819190545667116,33.77078450805784,6.0029387767840205,8.362393588167365,20.13554419323384,16.948170988135722,129.29999999999995
