stoploss,squee,lookback,ema_length,conv,length,lengthMA,lengthSignal,fast,slow,signal,net_profit
36.673563617480475,5.9992116685413945,12.236512271310312,14.410232810689585,54.01296468536788,28.58975140327735,36.49631737936664,11.075852738802423,15.55248232678202,21.56542946275515,14.53315050791879,979.7114910601576
37.04222614883122,5.912175029618266,12.389483564289407,14.534588591810971,54.49707789091433,28.994956950876798,36.74223175073952,11.030683926873232,16.42451913358966,21.101419714319945,15.16016932775671,976.512190809352
36.9096452604806,5.9934195200067535,12.029458581647278,14.418969554626447,54.111985739049146,28.983934324016396,36.556118277310375,11.145488489524919,15.850243931729109,20.972118585364235,14.542147870196613,976.4228379161545
37.13722720059452,5.902317872679895,12.20809086632727,14.389922713357729,52.776009952904346,28.980444436005392,36.76044892418552,11.182437738684326,15.593590579408529,20.982506070386798,14.159377078365194,976.0021823952429
36.98613002444757,5.907231052613324,12.02532525998344,14.41092331738979,53.35516764950584,28.982969689006513,36.784701316709835,11.129638390207022,15.729083231326488,21.4029727654594,14.462579774705226,975.8109598044211
