stoploss,squee,lookback,ema_length,conv,length,lengthMA,lengthSignal,fast,slow,signal,net_profit
32.39834586874343,3.3270882830844744,12.40809516495221,15.085255033005291,47.109581570506094,27.443815356597,39.52687408588146,6.90337847608107,10.205584904721064,28.554485720684454,17.972535787686375,607.9181954438209
32.47392617289454,3.3654144288791343,12.785008857175226,15.04274455757674,46.87904541621755,27.164712610769733,39.11601899692306,6.895336015365768,10.215805228078153,28.652966078594414,17.98004882451092,607.0868120981586
32.440678226419436,3.045894099222034,12.417766923806733,15.071616488224805,47.05041811961811,28.590567867640576,39.68516623436168,6.848091626182281,9.673061570246604,28.85337503979437,18.046334799276917,602.2118612829659
30.980216331803227,2.991502618482348,12.423323918775274,15.055402934632022,46.54200330146322,28.089871314409088,39.719164867505526,6.982975418493096,9.739767142412868,28.703132773093174,17.87371299260445,599.0676203501646
31.27437786720475,2.9739818796141777,12.727107494313874,14.976679344705353,47.66969625374963,28.307757428940565,39.73961635925212,6.009539022763023,8.191765384425532,31.322465717308628,18.985585083930857,598.8330877263375
