stoploss,squee,lookback,ema_length,conv,length,lengthMA,lengthSignal,fast,slow,signal,net_profit
23.96363466095084,4.902480125526711,16.309791667898928,18.101116023387434,63.72949643332642,27.476266796523497,37.035340508994466,12.73788642107131,9.232874420638423,20.843351798499313,10.77443072859361,686.9863840685891
23.977451359290182,4.8739582479116725,17.936929454579698,16.947993925378643,65.4934700272357,28.99775688113507,37.24616704875181,12.743788481314564,9.171973706143163,21.53211028762395,12.261249283348452,686.8205836885179
24.094680667237537,5.060632308377302,16.272227096549823,18.307559895322402,63.22276892573702,27.78496745811104,37.63487043242803,12.762505001846266,9.595649583226281,21.356518998872183,10.660688633610137,685.4138319931496
24.549635039205914,5.158858240860955,15.793096316367167,18.47893505994235,65.99201507876968,27.512434925191933,36.74341555483436,13.284288094871336,9.179459746507629,21.44770015901195,10.80526827907492,684.704379529529
24.25601851632888,4.55812803843826,17.23834514045555,16.736739284203875,65.5079275677009,28.02373032866816,38.676261818532126,12.295606765806971,8.179407846351209,22.335310580150114,17.963559272334507,683.4777778040541
