stoploss,squee,lookback,ema_length,conv,length,lengthMA,lengthSignal,fast,slow,signal,net_profit
31.035236866154516,4.417967221285535,14.591572851872623,25.726145070881003,44.022501543217835,19.45421851477814,25.622196382480354,10.88016442106039,13.101428720553965,20.18840115779283,9.354959408163309,166.56476313384547
25.52983460568194,4.860409384229618,15.33815046038462,26.22596298271993,46.550379922685096,20.613007978641075,26.47394709784451,12.122992282556675,15.883143355443814,20.799373853421905,8.584285098368568,163.8701653943181
25.387996781130788,5.079248401065424,17.2105126051368,22.021773931213513,46.18079083998337,19.487482465718806,26.120190513561813,9.008427403413107,12.26409171987114,25.255691128985585,9.231178258921577,162.81200321886925
25.40066404782749,5.1920760793032175,17.159674567264016,21.61170989206238,45.7264086765966,19.08823764452724,25.856382848484873,9.121925628975166,12.519365314049349,26.56627520988671,9.32479496379577,162.79933595217256
25.477537524573908,4.864433990753295,17.260453439943245,22.139927827602012,46.33128555564923,19.051585042741152,25.960461263264794,8.767126812971856,12.240269259620389,25.200494607622616,9.41708734743981,162.72246247542614
