stoploss,squee,lookback,ema_length,conv,length,lengthMA,lengthSignal,fast,slow,signal,net_profit
42.77904208250454,5.39821048487107,16.697094568691245,24.96262382605585,62.87835096337802,23.25207544908588,36.20266067073606,10.157971809481909,15.465390205310369,23.093212583169255,17.25849778281222,434.8757475049731
40.452742949274636,5.368116912387555,18.704916848191264,22.67645573703211,60.08085178524115,22.840979438647526,38.23480094345323,8.357391759042638,14.950792848413467,22.258294996048686,15.114448345006066,423.7390282029014
40.46302108781175,5.448689959702674,16.119881394229367,25.124267044101835,59.61997572223723,22.450776267692564,35.537023515805565,8.283462003921548,16.088208059228425,20.96034513113632,18.790737363907414,423.69791564875277
40.52565646372118,5.577925910619339,16.336739462064962,25.165872953594967,59.56144690819801,22.78051142610967,35.50798964150008,8.376570068700739,15.846986605540726,20.900203629582272,18.96110683392648,423.4473741451152
40.59808618892027,5.273644956237738,16.585265646270194,25.174126341384476,60.30555746078355,22.78748769135581,36.041814848138095,10.51454650071533,15.939990708705519,22.174822474768664,18.958399858241094,423.1576552443189
