stoploss,squee,lookback,ema_length,conv,length,lengthMA,lengthSignal,fast,slow,signal,net_profit
43.544373442737744,5.018352709421084,17.31972737926457,24.911866783822763,50.783157957744606,27.595719204718037,32.32936945841042,10.164372249283797,11.51573751191007,31.12229682495171,11.456982105376206,560.3999999999999
44.92634530925581,5.1449425835819556,17.18349537537596,24.61843455018435,51.869188143480265,27.687675106616382,32.35460784999117,10.121344946395395,11.510437424495723,31.5435978881406,11.662397813383677,560.3999999999999
45.32935479774097,4.484119182960865,17.130628157888395,24.415249500738216,51.717721726193545,27.88819920331326,32.33355022661266,10.229732124032699,11.134857840936911,31.8593096458609,11.741317334316301,560.3999999999999
38.37529325804346,4.213115696265567,17.09091509594674,24.73050663636461,46.37234146098237,27.194563650207833,32.47836302236009,10.515382784317817,12.344519103198227,26.27468700203833,12.585555542102064,558.2499999999998
38.26148439379144,4.183661736309938,17.13579414251863,24.50704529512477,46.50889850736541,27.231848069090788,32.77180942951525,10.451767967495666,12.217636351871118,26.39259995511829,12.79842780201527,558.2499999999998
