stoploss,squee,lookback,ema_length,conv,length,lengthMA,lengthSignal,fast,slow,signal,net_profit
17.254711589499408,2.8258341768807553,14.423954736101988,22.470177358324023,40.99497253679257,20.891986005263167,38.35088505911715,6.01312563728554,17.435841737039304,18.84962614906862,18.600757959822836,135.13586523150184
16.874667427476783,4.285039751137569,14.107931987337018,24.77112954877248,41.050621493683536,19.31784693755864,36.14031971521706,8.081499924076796,15.224383471271812,19.59045249243275,17.85711814672703,134.73070501621032
18.125832141476266,3.0224051004743067,14.154185206987625,23.31413565699615,40.549318366976394,20.085223636510815,38.189698527115056,6.731232965440514,17.14699613705939,18.789318912782097,18.39400732980022,134.4241678585238
18.231025585479024,3.029516961532169,14.986319635535445,22.421587932782217,40.50411295969461,20.597501150425966,38.429156685554375,6.376506587860948,17.127297892152566,18.654304892892164,18.774602782413915,134.31897441452105
18.050789261428875,2.9194246060087035,14.477003192918286,22.909411536035115,40.514766507867684,20.69132100501562,39.689465311108655,7.040753744620622,17.991775041736002,18.616404990390496,18.794592159343257,134.1992107385712
