stoploss,squee,lookback,ema_length,conv,length,lengthMA,lengthSignal,fast,slow,signal,net_profit
39.95420322492491,1.4225797972264358,15.068108503793336,21.50944588155855,48.976804006309216,14.694729032048599,39.495240108249114,11.445407896066344,14.395585024205024,26.28516935881266,13.691710096315795,27.750000000000014
26.40453871029235,4.271781071585577,15.556206988051759,22.11512745406112,49.27434692068067,13.908886497219381,36.719353043190296,8.019234812961418,11.059371647190147,26.36575681792767,13.14924262027869,27.750000000000014
42.22626446794911,1.012190375943281,16.825951223441777,20.909108291823888,47.52717946678321,13.687160895989068,36.317790578916636,14.3079553786893,12.997109428484283,19.14247880477454,12.497967641691655,27.750000000000014
41.55572873290263,1.180565874976859,16.675651699194756,21.0964332754241,47.8218780944381,14.252213350374864,36.144807214776286,14.766714000709667,13.596219228523239,25.286613764144594,12.82307972393539,27.750000000000014
27.706920181082154,1.1011987979802549,15.630298893134738,21.415899508299038,47.90809051348726,13.875172957009381,36.73231038131032,7.765243032053383,12.918121377927216,23.28360375827386,12.965090302449685,27.750000000000014
