stoploss,squee,lookback,ema_length,conv,length,lengthMA,lengthSignal,fast,slow,signal,net_profit
36.35598920358565,5.303825821680513,9.810166624821361,19.1269743957023,57.019868436383895,27.78940558659815,38.40521188673995,7.190142168807666,8.69898819518987,19.926756648234743,11.023053037191826,698.5802159282912
36.382038511981,5.395210928057623,9.73829841915052,19.072424616423067,57.32851540021397,27.14881589514093,38.88258403897393,7.529019678602515,8.753518018340388,18.002758795567807,11.578529856894386,698.059229760388
36.47968442277215,5.484152764092518,9.618441332337268,19.063249036686212,57.6577964258198,27.52999337736416,38.416364479725196,7.1558288666115475,8.621405418185407,18.39475198762667,11.74457900527634,696.1063115445586
36.53482047839274,5.423982320292896,9.878196282397738,19.070421054785843,58.36386241147657,27.392555575111988,38.417609728527815,7.267763876711264,8.94280713929655,18.01614331598458,11.211367665985216,695.0035904321385
36.54299687007865,5.602361763123096,9.339428452449702,19.052907341149382,56.38631170327945,27.993710427124547,38.114339977957,7.109940087314865,8.631659099111936,19.349648030881234,11.415989592712291,694.8400625984368
