stoploss,squee,lookback,ema_length,conv,length,lengthMA,lengthSignal,fast,slow,signal,net_profit
48.94063585230244,2.473500547123655,10.007221211159207,14.719473913560236,60.555050584491674,17.04361577965823,27.15630860795855,6.319389811822044,12.793239563015078,23.911207341238804,10.14051428725622,300.95000000000005
43.562157233916444,2.3984187878917993,10.475306046390427,14.718390832146836,63.0486909344405,17.533175268303843,25.39810452859328,6.440990373307583,11.519154589250213,25.903411448788763,9.92516765507563,300.95000000000005
49.96793189484022,1.7142285289655999,10.714556106577952,14.762332360828335,57.8023320760774,18.459487375277103,25.00758596431081,6.666180522280241,9.56831426575055,26.82832880416222,9.920777635840572,300.95000000000005
43.16402552135021,1.8055955522475728,10.475687998387908,14.78377971882727,56.28556753127997,18.358627556924375,25.877690023412786,6.4264455386189665,9.166355377723049,26.527918556392486,10.124909788146688,300.95000000000005
48.95113988271503,1.7689967689556412,10.649822384575586,14.909017308424122,56.21463659908301,18.354428968000395,27.23229939192247,6.011978222818706,9.059552853913571,25.563062993960997,10.890388113519094,300.95000000000005
