stoploss,squee,lookback,ema_length,conv,length,lengthMA,lengthSignal,fast,slow,signal,net_profit
36.07949719400209,3.7771923218365075,18.42454488043508,16.58529533212381,41.002872621137826,20.148920362200357,27.388437521094694,12.88733559534231,16.83726896702689,29.549603447656807,14.032335820008655,69.59999999999994
46.17402520792248,2.7554735577296205,18.387780846829774,16.63768160836116,58.04456899090159,20.320453002317972,25.459794524975155,13.289124222080222,14.156019652651135,23.895571445553134,18.724500485315918,69.34999999999997
46.76972844620165,2.7292863164459815,18.701523556493118,16.36037937707188,56.534532824756546,20.837693307383958,25.253935339284826,12.87408516936417,11.84089416225664,21.391640739251766,17.106224420747644,69.34999999999997
46.70592059527309,2.908654587698946,17.912364307635137,18.03350769409292,57.930181672360426,21.204879946343105,25.390450494041154,9.374714339446374,11.699601032960253,23.82589294718959,16.585432364504523,69.30000000000001
47.09701671935287,3.302347980306311,17.442269440344113,17.53483649166524,45.009006145898546,21.596260722316625,28.041660818184745,9.247884954699138,16.884706426632576,31.712830694043564,13.335830690209372,65.69999999999999
