stoploss,squee,lookback,ema_length,conv,length,lengthMA,lengthSignal,fast,slow,signal,net_profit
47.02544547895211,4.656287686837696,9.541645771696295,16.7077875261266,50.88492508759809,21.375183120075867,39.485468675753076,10.432965856424309,10.66197001876479,25.76110770609903,8.436752075082206,877.9200997315056
34.89990691968999,4.39882668252567,9.264531996604862,16.648656779694413,46.834966143471235,21.001350693877402,39.52600214832325,10.089595622081621,10.83241559961044,27.487703280681743,9.83076378124413,821.5508377227816
34.97981001343141,4.481990943499501,9.331726763230787,16.75458530467434,46.50303475595316,21.90725101739756,39.71652739638115,10.44984800015386,10.150750305083696,28.940708112304122,9.619066822212593,820.8317098791085
35.0694319476129,4.482349826477883,9.333991947520348,16.76157351450924,46.52419907625439,21.668973386085106,39.72322243307382,10.954235693599708,10.216165921990317,28.74857891924962,9.095922633005644,820.0251124714778
35.08406422740984,4.427930334410131,9.317217957273158,16.737520848361964,46.56133147935328,21.56164524553786,39.3514600615476,10.593046427877981,10.712933085058864,28.220639653924213,9.525158015390954,819.8934219533185
