stoploss,squee,lookback,ema_length,conv,length,lengthMA,lengthSignal,fast,slow,signal,net_profit
21.050325308169572,5.77453942818132,13.495995465303185,24.178427771935546,42.87658077040789,26.7444191394509,37.64767417221873,14.44609239780215,9.489951770835598,18.675680943156806,8.346028133144397,328.5486987673212
21.052757993424038,5.709707881865993,13.312665519431162,23.92439823128052,44.1331714181364,26.029980285948017,36.795916812937804,14.994466401219709,9.84406767536464,19.880459717351027,8.00753867868786,328.53896802630334
21.057464935811115,5.849929422948166,13.355776672551494,24.282708284019165,43.1216969642943,27.21796042214505,37.223501489385356,14.844766053165609,10.132280114827202,19.250245784377004,8.232369371769739,328.52014025675635
21.060251116284523,5.910361854201406,13.769153556909433,24.28420216116297,43.204661442879086,26.530333415888357,37.783982475417965,14.358732820437023,10.011488729252598,19.650632233393182,8.209564551098579,328.50899553486124
21.064177634267065,5.770474183077847,13.327539730403538,24.109888394471177,42.88975878052199,26.98688494315653,37.40112990659313,14.714470176190034,9.981252194651844,19.39262357574572,8.004304585778083,328.493289462931
