stoploss,squee,lookback,ema_length,conv,length,lengthMA,lengthSignal,fast,slow,signal,net_profit
35.901338528162526,4.338501353022491,17.355071651279193,19.939138223803802,44.373097123132155,26.11422237432452,26.394721763423465,11.361138992696212,17.929105006727344,18.04500943048372,13.4095890358824,475.0406303028635
35.9729067254501,4.211863603441799,17.954351772068463,19.853815748678656,43.14056263677711,26.980111754409585,26.271347782050388,11.450570576105596,17.98448075723612,19.98191081549414,13.022471378001228,474.5396529218483
36.00448595459771,4.2541399033441385,17.69362302279122,19.333619983764677,45.23675395267877,26.498286940380662,26.500075059036593,11.210891831256122,17.475422852513596,19.720055417885234,13.463080491387062,474.31859831781503
36.09639647868184,4.210799190876094,17.684370619403566,19.595698276992312,44.865465788562794,26.06473767452492,26.77136794960677,11.505903443090437,16.85400395615783,22.60204036029188,13.83195515893807,473.67522464922604
36.099172108419594,4.4045956461273725,17.34810104374253,19.675804915319606,42.6561421419183,26.945463999416507,26.388470508486392,12.00534009081718,17.96329444705851,18.34267608447104,13.537453109801236,473.65579524106215
