stoploss,squee,lookback,ema_length,conv,length,lengthMA,lengthSignal,fast,slow,signal,net_profit
39.10014903086293,2.3780771799732627,18.357443075290526,26.056417300907,45.3693260109781,20.012992610290183,32.054108948880405,9.716628731817833,17.988905840092425,18.688327030138748,11.628606418239912,138.84970193827405
39.100301871245556,1.5895770254711914,17.74529018060246,24.906858971173655,43.02079022462929,20.113665042384596,31.636224628095732,10.16072296437536,17.190513565375397,18.661202900026694,11.609691457433724,138.84939625750883
39.101115772575085,1.6439298168958882,18.549128133046644,26.154450098029866,44.935077120854494,20.303223740829495,33.97211312118528,10.708753265278776,17.993715912484138,21.07009473568046,11.791729911613531,138.84776845484964
39.101543409689356,1.676591594655871,18.81610740205718,25.2617833531953,42.451647744969506,20.024584351929096,32.82141707491527,11.987843213317648,17.52161377486867,18.731123678370786,11.71997848744696,138.84691318062107
39.10268102055137,1.4248919466147727,17.477186129712717,24.99167458517117,42.629038862589425,20.905371021645134,32.361067573696474,9.874188957728459,16.879590907441784,18.996246017909442,11.973735476873058,138.84463795889712
