stoploss,squee,lookback,ema_length,conv,length,lengthMA,lengthSignal,fast,slow,signal,net_profit
40.50669613315609,5.600938366280053,11.33519471461001,23.342718393948264,52.18762344548283,27.98276006647773,25.92755294264888,14.730052919180167,8.7500194778427,20.56612703285159,17.083079126830324,398.1799116005318
41.114552862999695,5.720533040928346,11.389142271117894,23.26439197630495,49.961086855954626,27.20054454783809,26.313759245537288,13.992698123966612,8.80009288754123,19.9948130587826,17.06814881366067,396.3563414110008
41.74106972025334,5.5376171622700925,11.95704152239697,23.465693944022746,53.61617694388324,27.54656090688969,25.85199550631555,13.810232965885865,8.93603194537824,19.834279294174113,17.785794749224404,395.86786055949335
42.15133158831533,5.13244396799327,11.117975174422796,23.40686008613117,52.72398523577467,27.63644414704561,26.472672029234744,14.372593120498852,8.941237809601178,21.09941118953307,17.217782070103482,395.0473368233694
40.47951844217028,5.254579532026551,11.386345148951289,23.540677542736624,52.4238789230444,27.25511962194565,25.216544874937092,14.120447641537483,9.146552820345658,19.827458411598254,17.366220152011778,394.46144467348927
