stoploss,squee,lookback,ema_length,conv,length,lengthMA,lengthSignal,fast,slow,signal,net_profit
47.67270177998829,4.059434714599837,9.612643638553978,15.625991082271854,60.056849221617355,26.00786303377032,32.56378820896524,10.60007138881105,13.880239773625831,31.96346879460492,8.631645472076787,473.8318946600357
48.322687320947644,4.098822242817546,9.920720043428368,15.568916218232943,60.28702247449903,26.79134741730239,32.85954068407488,10.136359639589784,13.925921716275687,31.268880292505568,8.968129810926234,471.88193803715694
48.936558986819996,4.172381414338607,9.93350758003565,15.69513625865369,59.235488018801604,26.540607880109636,32.61365858350658,10.451974683520733,13.822542980736657,30.760368457712186,8.90516909383613,470.04032303954045
49.06255325525773,4.123576204095868,9.769305292591842,15.60794507381692,60.297118645079095,26.70514181749172,32.84666788404745,10.331317246056166,13.935175846566546,31.306243154307325,8.856163898350026,469.6623402342275
49.096483852666076,4.174998451011459,9.961721677634438,15.746913925636049,60.70366353159415,26.693299590035735,32.8144788019636,10.330471426597478,13.361282409129783,31.62247537499091,8.958483185326678,469.5605484420021
