stoploss,squee,lookback,ema_length,conv,length,lengthMA,lengthSignal,fast,slow,signal,net_profit
31.606947041243426,3.421709109032389,15.753213659447978,26.784628643272335,63.66732532931639,26.153683425049145,39.99490140291542,14.00993060971964,11.579586801631528,29.580653500001983,17.708205626958794,368.33052958756525
31.765073244118486,3.3630951657145474,15.397178706176554,26.762061357604647,63.90092293001853,26.572632509259723,39.515159954520065,14.992934216377481,12.975604921420762,28.490325144134975,17.861009669640257,366.7492675588164
30.524210649463797,3.495666604529229,15.799757324570496,26.571146677186313,62.671303773600464,26.05004853944069,39.40706414970741,14.030048454276509,11.798672179019501,31.29346579002652,17.5721484992015,366.357893505362
31.153966569090834,3.47224040942578,15.939321200235929,26.995872536719016,61.09841509833213,26.639800356278748,39.99712057166029,14.025745689249542,10.535394577165453,31.22318748010582,16.83378913077339,365.31826744727505
32.01313683670835,3.570058434361962,15.881754748568524,26.991535592019684,61.769689313824856,26.044317818648132,39.510512900942814,14.113909054271154,11.395098823813068,30.249869944369607,17.642575917208745,358.444905306334
