stoploss,squee,lookback,ema_length,conv,length,lengthMA,lengthSignal,fast,slow,signal,net_profit
43.569642644371754,4.8676328853799635,14.419429154145638,16.513717881725565,54.06993236814926,28.992725175470582,37.666937101961736,13.82671139151137,14.545904379434349,25.670234423736243,17.37136072445683,411.69999999999914
47.05621880373365,4.98383139674129,14.229002912696846,16.31348696347535,53.10338912343373,28.04375158608505,37.73328901641165,14.141202604568814,13.580324915601494,25.45813465716786,16.72822522571527,404.2999999999995
44.88378434885933,4.882237957082766,14.684882776848173,16.58414681022893,53.14569090267932,28.993794955708534,37.15615394266026,13.706132954325081,13.941699058641632,25.94978852415719,17.143745576440306,403.79999999999905
45.495097095225375,5.045090078989526,14.15802781824362,16.449834877410556,54.13395093004186,28.32903996094343,37.091093077998295,13.993378004564146,13.848618197912744,25.051047465190113,16.21318272857493,401.44999999999936
48.37956683183813,4.368957679232699,14.769922129986236,16.580105714163665,59.703579064656765,28.588633826979006,37.752855371607545,13.922369639587394,13.70701571031933,27.00564084067622,15.515575134847694,401.1499999999994
