stoploss,squee,lookback,ema_length,conv,length,lengthMA,lengthSignal,fast,slow,signal,net_profit
47.40513696225141,5.819923062159449,9.56790381988419,19.543697794177668,64.31658600506375,13.530929757933784,25.35733713010058,10.844455147096967,17.362660973607305,23.889177968516922,10.637110131788475,-0.0
37.59562250039165,5.527674662628519,10.593130610029279,16.475007951041583,42.141413602136765,15.008799102272244,38.7958927561931,10.837594713241518,11.27476253247621,28.082919164534186,17.632755850333062,-0.0
8.389077914250192,2.076213474897587,13.632060740591513,19.422733729350043,44.51179053430541,11.018963061086966,35.74568544876903,11.164692136697166,10.216878160562754,22.713165696769142,15.108300520063358,-0.0
4.025607603693726,3.331264510680132,14.68120897601847,21.401215000855,65.19089804692399,10.419426643605226,39.48350142582605,10.909023254198953,8.47774028197193,20.888548272291064,18.077629294085924,-0.0
29.35422425564329,3.950080639489592,17.752373404931397,16.094872954704215,64.36599195104418,28.124021574497952,38.80638582362356,12.368648993802832,9.014938214159502,29.898446585063834,13.371168414712823,-0.0
