stoploss,squee,lookback,ema_length,conv,length,lengthMA,lengthSignal,fast,slow,signal,net_profit
1.0292247147901223,7.080725777960454,6.452090304204987,33.57071488588757,45.60338558582603,24.74902239948739,19.928708336812587,6.055857528741269,20.299848545285126,28.4379103992691,26.252932081698184,-134.32216844016875
6.974693032602092,6.118528947223795,18.11891079080595,30.14083658321223,73.58576305161372,8.909348753869823,20.969371374430487,9.91029831694798,7.308477766956904,17.901790766733427,14.094460521979242,0
3.252579649263976,1.7052412368729153,19.810364221551062,16.62449345551706,41.730798481155254,31.836686532934518,21.58760372201767,15.370095398753902,13.401749605425898,28.656524964648906,3.3006115561599363,-69.5015929852716
45.4660201039391,0.34388521115218396,16.003812343490033,34.00332895916222,72.59762025090666,13.575323228588086,17.71154033224259,19.79005868931608,22.209933702911528,24.836014943783187,5.417070575653807,0
29.894998940554256,8.948273504276488,29.239615694113965,25.213146246265477,40.1626591352008,21.762584804756813,34.77499061504463,6.806215843663703,9.792776902235275,39.94296401318243,23.703719054111207,-243.39997881108957
