stoploss,squee,lookback,ema_length,conv,length,lengthMA,lengthSignal,fast,slow,signal,net_profit
4.003049553360305,5.556741216419219,19.619964261557925,25.04294886815962,60.48845234274679,26.701826750084543,31.1574666512478,24.846888126681577,2.9448248159508124,26.27502772611855,2.6024382404462756,-50000.0
31.93529311703384,2.88981528858133,23.662397341363175,10.80130230379519,42.2110802879601,28.733690664150068,14.42792942911506,9.875371100311725,20.51589578144172,22.89223804812463,21.140841884362647,-50000.0
7.906517350590031,7.5294639062745885,23.53198790323519,12.169697900180113,34.24850617998461,15.871531701556915,29.439498966004656,2.7018471396599733,16.73089211714821,33.51958471628912,15.862799956303753,-50000.0
42.16277801475944,8.25889863884251,11.498827725681533,23.291057535955915,41.01078156269496,15.909356010052035,28.240383234229675,8.961717320435827,12.142941250018525,14.153745320982704,10.408314518143108,-50000.0
13.96825114397876,4.724486100062435,10.990424040523205,32.89105641134314,74.7685465052969,14.947173649478804,29.003305704146037,3.0706026321754525,12.487920613496527,18.93527461176634,13.020685610273304,-50000.0
