stoploss,squee,lookback,ema_length,conv,length,lengthMA,lengthSignal,fast,slow,signal,net_profit
6.518601784960941,1.6760545042322508,14.03416476709268,16.70654803354585,70.06720229252548,7.331401012289822,28.436369490582628,15.986680973609825,14.870601321435792,28.549119775076228,17.893536984210847,100.0
20.601713346406598,5.862621978122262,19.527553243929635,12.039179642825388,66.8968076698101,10.616033662985556,44.05631953125187,19.776814203206094,16.609525624091837,22.954324267630845,9.03257237221943,100.0
