,stoploss,squee,lookback,ema_length,conv,length,lengthMA,lengthSignal,fast,slow,signal,net_profit
0,3.400000000005777,2.1188632580951676,10.081364302709364,16.583698688086933,58.3205651704014,18.60051421442016,41.875962140670985,6.591793280312862,12.363366999986075,20.32362532528839,13.965862298101424,194.69999999995707
