,stoploss,squee,lookback,ema_length,conv,length,lengthMA,lengthSignal,fast,slow,signal,net_profit
0,0.7500000000027922,5.549370506998132,14.853805945568507,20.49770266353024,59.613577126704584,19.56112306143055,28.215214343296807,9.793415422892139,13.10312327133294,21.05883077925167,13.288485898545535,343.04999999995925
