,stoploss,squee,lookback,ema_length,conv,length,lengthMA,lengthSignal,fast,slow,signal,net_profit
0,2.0,3.605724063306149,11.785196917744484,19.955491284892013,57.912662513158125,27.03200992636147,27.36848487718504,14.003570217291678,8.882923066801018,30.819403821527892,15.881066014282823,479.6000000000022
