,stoploss,squee,lookback,ema_length,conv,length,lengthMA,lengthSignal,fast,slow,signal,net_profit
0,4.200000001503586,3.0400442517958437,12.997365194950355,24.44257022679711,50.37569863040515,16.0,27.00721013910411,8.688440613224568,11.893354236825406,28.392318947616005,15.750947279413353,140.09999998797866
