,stoploss,squee,lookback,ema_length,conv,length,lengthMA,lengthSignal,fast,slow,signal,net_profit
0,6.050000000002349,4.018286798238421,14.755279791183646,25.630938030296207,58.910573825527564,17.221646566141445,29.22126511789439,11.145966974625345,13.172303267626317,20.390434825536968,12.794216620820794,209.94999999996435
