,stoploss,squee,lookback,ema_length,conv,length,lengthMA,lengthSignal,fast,slow,signal,net_profit
0,2.0524082278560343,3.0607299402606714,18.841596241813697,25.24161667214601,49.71510853143019,29.383217736543813,37.90238417649316,7.211345033992172,19.923419314581466,23.130731225346345,18.0,384.7138765821401
