,stoploss,squee,lookback,ema_length,conv,length,lengthMA,lengthSignal,fast,slow,signal,net_profit
0,1.9500000000064128,0.9547137853786505,17.428079686565063,17.50232149436269,43.9567664668957,27.99430048339051,29.799753349998458,4.017185034630048,12.771756992067424,22.39310403873664,13.903682950807823,389.59999999990396
