,stoploss,squee,lookback,ema_length,conv,length,lengthMA,lengthSignal,fast,slow,signal,net_profit
0,6.050000000003053,3.982097210474353,14.37367511652468,24.006474510357286,46.1781372409757,21.141750029130492,33.73708773812579,8.030142925162808,13.995923177280554,26.176278784950462,14.94125252688373,304.3499999999585
