,stoploss,squee,lookback,ema_length,conv,length,lengthMA,lengthSignal,fast,slow,signal,net_profit
0,3.0,3.535149989712611,13.169691656476786,26.706784504572326,53.988257888454086,13.936623988897182,32.87964706428781,9.047832214970526,14.736662607791885,23.272102581560688,16.307142482493994,76.70000000000073
