,stoploss,squee,lookback,ema_length,conv,length,lengthMA,lengthSignal,fast,slow,signal,net_profit
0,7.75000000000398,1.9782643069873078,12.980534789060886,22.164888859699143,39.35268881677844,26.664947232806817,33.89884632996251,11.419486032594705,9.518719310816058,31.502626075196716,11.691619785275144,430.09999999994034
