,stoploss,squee,lookback,ema_length,conv,length,lengthMA,lengthSignal,fast,slow,signal,net_profit
0,1.0500000000040832,1.0416063617306612,15.707643459196655,21.018047798794647,66.92013005816841,18.0,31.77968573681644,9.929300419495634,13.002785571979969,20.395870236982937,20.9706685331304,215.44999999998254
