,stoploss,squee,lookback,ema_length,conv,length,lengthMA,lengthSignal,fast,slow,signal,net_profit
0,4.0,6.2717368362393575,17.779393729572966,13.840132013240154,62.29385269317655,14.92665004100709,39.5818733556776,12.353318297835681,14.7547682795919,21.214374476527,12.634809248712896,269.5500000000029
