,stoploss,squee,lookback,ema_length,conv,length,lengthMA,lengthSignal,fast,slow,signal,net_profit
0,7.601793651915923,5.492008096990153,9.999997514867935,15.174634580219873,66.6598829126404,18.87420037871032,29.55712586474057,13.35014408151092,17.001209655906173,22.7848749022017,15.741194705637746,267.9266825250852
