,stoploss,squee,lookback,ema_length,conv,length,lengthMA,lengthSignal,fast,slow,signal,net_profit
0,1.9500000000043616,4.077504734116031,17.44814438611402,21.987616714911187,55.57109653593416,11.129766783637729,38.82192415781623,9.988903625717285,7.97282180139357,17.73216830827189,13.587839041694423,69.44999999998981
