,stoploss,squee,lookback,ema_length,conv,length,lengthMA,lengthSignal,fast,slow,signal,net_profit
0,6.0500000000030285,3.0174172905955152,19.247116606400912,27.360505140835077,50.58320858488638,25.171940402321646,31.35532558543219,8.035278701171027,13.168524077009579,21.67606002167974,18.184876478886316,362.64999999995416
