,stoploss,squee,lookback,ema_length,conv,length,lengthMA,lengthSignal,fast,slow,signal,net_profit
0,2.3000000000065555,4.568805469508593,18.400982727264157,20.64468839274781,46.22395922471354,18.815737172249236,29.087188561723195,9.793827645229687,8.972670304920294,33.999141279460815,16.983387320200375,234.39999999990687
