,stoploss,squee,lookback,ema_length,conv,length,lengthMA,lengthSignal,fast,slow,signal,net_profit
0,9.550000000002395,4.229830893200695,10.610189531125648,22.055313151762306,55.88191439047776,29.84381893548411,29.103616368525323,15.53271588748904,15.532829705797626,19.509591131787793,12.28851792304742,507.8499999999367
