,stoploss,squee,lookback,ema_length,conv,length,lengthMA,lengthSignal,fast,slow,signal,net_profit
0,1.4500000000033033,3.00591778019062,9.644935057955504,27.50628423415113,45.49381325344332,22.815434608982116,27.029392330040736,5.871655748022987,14.12768944349353,33.48661088373621,11.706219027117138,379.9999999999418
