,stoploss,squee,lookback,ema_length,conv,length,lengthMA,lengthSignal,fast,slow,signal,net_profit
0,7.750000000004213,2.124299642722801,14.214954398566071,17.103473756198383,54.06099333226053,21.06200347097527,30.13619676844143,10.537447760782584,12.775368596529525,18.05193588945047,15.367681816274295,336.34999999996217
