,stoploss,squee,lookback,ema_length,conv,length,lengthMA,lengthSignal,fast,slow,signal,net_profit
0,0.7500000000042124,1.0018862094734016,19.38321688353151,19.536781011744587,61.79115821061927,23.519687333533085,33.168239539233625,8.206130727842964,16.53212493579005,25.672102895972337,16.261084200274134,363.5499999999629
