,stoploss,squee,lookback,ema_length,conv,length,lengthMA,lengthSignal,fast,slow,signal,net_profit
0,1.1674051187950667,4.566197034003613,16.234010541437144,22.53151300312588,45.78819655277681,12.0,31.063446190966886,5.528582137564253,14.020368213116761,26.216019443163006,15.0,116.54556928723468
