,stoploss,squee,lookback,ema_length,conv,length,lengthMA,lengthSignal,fast,slow,signal,net_profit
0,6.050000015215401,5.237210633041091,8.889748500457497,23.681358648910816,40.706386987420885,25.0280673027001,38.00065393640803,10.845968558950442,9.789836475361867,21.091083538446878,9.319100205710505,537.0999997108775
