,stoploss,squee,lookback,ema_length,conv,length,lengthMA,lengthSignal,fast,slow,signal,net_profit
0,8.178745072193824,4.5897971187286135,16.02010774233404,14.488758220767036,52.18546860941978,27.79268534484136,36.00000685371862,14.36381346514824,9.230612751636484,18.203539411984835,16.000001532411346,389.6825887005216
