,stoploss,squee,lookback,ema_length,conv,length,lengthMA,lengthSignal,fast,slow,signal,net_profit
0,1.0500000000038574,4.5292900341980635,13.116396631323175,15.233861080360057,60.275326435239805,16.0,22.019276508374574,12.004362687166402,18.651283967382312,25.232383406390312,17.067317448353343,272.19999999998254
