,stoploss,squee,lookback,ema_length,conv,length,lengthMA,lengthSignal,fast,slow,signal,net_profit
0,0.9427224610220917,5.076452268285347,11.999965284505636,26.42386462244797,45.67234863206889,29.757225866759956,31.531032344249773,11.402233536300175,14.519372072030581,20.450803655428558,18.886377394978688,474.93921601340844
