,stoploss,squee,lookback,ema_length,conv,length,lengthMA,lengthSignal,fast,slow,signal,net_profit
0,2.3454915356555137,5.12957146859171,19.99998398483794,16.969658171945042,47.42813303486113,20.515235336812438,32.44400723645964,15.889064064074624,7.950127124732987,26.999933543985925,12.90137655921697,309.09959310778504
