,stoploss,squee,lookback,ema_length,conv,length,lengthMA,lengthSignal,fast,slow,signal,net_profit
0,0.0,2.025124445150669,16.449556205092925,22.02514540701215,62.96176887747372,19.0,33.98122668394464,15.90100019946836,17.972189653609362,18.002606791224203,18.2603521480534,214.1999999999971
