,stoploss,squee,lookback,ema_length,conv,length,lengthMA,lengthSignal,fast,slow,signal,net_profit
0,1.9500000000025928,1.9842555446271941,17.105692426092347,26.08595746900709,64.19272046902825,13.18693194263791,28.771725889342555,9.88356333301774,11.222258186248457,22.889111660098862,13.153092982581398,96.79999999998108
