,stoploss,squee,lookback,ema_length,conv,length,lengthMA,lengthSignal,fast,slow,signal,net_profit
0,6.0,2.0655430023518244,12.448811055808633,26.61537612672059,49.0,13.540488123351018,30.06037440931324,14.746909008648217,8.565065365334746,20.14335040799662,19.26052962925366,135.5
