,stoploss,squee,lookback,ema_length,conv,length,lengthMA,lengthSignal,fast,slow,signal,net_profit
0,2.3000000000156624,3.314678472708863,13.512376157053613,25.15284767467768,59.618213201200675,23.198578367269533,33.705018164514556,15.535422618300007,10.10819569346246,28.411395795006733,12.617390808099774,360.9499999998625
