,stoploss,squee,lookback,ema_length,conv,length,lengthMA,lengthSignal,fast,slow,signal,net_profit
0,7.7500000000023626,3.284516426233914,11.528052714273826,22.03795333464805,51.52988302436121,19.134871813527596,27.001488932529796,9.118249515025823,11.392329794688912,31.536483176072817,13.196377263776384,303.99999999996
