,stoploss,squee,lookback,ema_length,conv,length,lengthMA,lengthSignal,fast,slow,signal,net_profit
0,2.3000000000079037,3.005607425142739,12.667681748968317,17.808967006321996,57.306946808586346,21.456883716269793,32.61864182963295,15.87890502290572,8.462027580144586,21.851205792200318,15.488989780445976,352.0499999999083
