,stoploss,squee,lookback,ema_length,conv,length,lengthMA,lengthSignal,fast,slow,signal,net_profit
0,4.0,2.270959331973671,18.340341017254914,19.52047668474765,48.06070437450383,21.97131804634445,32.35220430998832,15.38645393703051,6.071809574011272,32.26703823002484,15.88055046971877,254.90000000000146
