,stoploss,squee,lookback,ema_length,conv,length,lengthMA,lengthSignal,fast,slow,signal,net_profit
0,9.200000000002746,1.9891594386534646,12.698057405532683,18.903788328188938,47.67665377944847,18.418807927913356,39.67679849602109,6.089968353355946,8.883189870288389,31.594159019503977,13.124047239742275,252.34999999996944
