,stoploss,squee,lookback,ema_length,conv,length,lengthMA,lengthSignal,fast,slow,signal,net_profit
0,0.6500000000057222,5.84802202151139,10.915991500901788,17.297153301848567,46.6205971408364,16.055146506427,36.9515960799842,14.97741968049877,13.018254888859481,27.0,7.02692072634187,359.94999999993524
