,stoploss,squee,lookback,ema_length,conv,length,lengthMA,lengthSignal,fast,slow,signal,net_profit
0,1.9500000000029074,2.198395287046529,13.712188278511135,16.075995618444974,63.69826081404344,10.637492673581388,41.23140694802713,11.400825472808545,7.612303303600472,20.008852754727044,16.190265477567856,82.64999999999418
