,stoploss,squee,lookback,ema_length,conv,length,lengthMA,lengthSignal,fast,slow,signal,net_profit
0,6.050000000003278,2.007073940312339,19.430713682274906,23.282760574149172,47.84501529126244,8.348070832118246,29.826629842124795,12.205824776391347,18.110338823727567,20.909140980996835,9.003037290346267,142.1499999999869
