,stoploss,squee,lookback,ema_length,conv,length,lengthMA,lengthSignal,fast,slow,signal,net_profit
0,9.550000000003958,3.2188860524869822,9.115483417685766,25.73534636619963,43.04056152440541,20.82390021684093,37.99874973826232,9.35981118217101,7.795344690393496,27.844247971480033,20.057531832975656,294.04999999997017
