,stoploss,squee,lookback,ema_length,conv,length,lengthMA,lengthSignal,fast,slow,signal,net_profit
0,6.0,0.9137850336144564,18.577748168064062,16.438415123268925,44.881733061344306,14.035276728928807,43.0,11.776871856400362,17.0,21.189432162410185,9.66272795510606,74.60000000000218
