,stoploss,squee,lookback,ema_length,conv,length,lengthMA,lengthSignal,fast,slow,signal,net_profit
0,6.050000000002402,1.0854819281735923,12.284334305407466,15.137388886308852,43.60555971336719,21.010916847974514,33.63800194113887,10.866220051286701,13.799273098563635,31.99907906299083,20.267630365619482,274.14999999998327
