,stoploss,squee,lookback,ema_length,conv,length,lengthMA,lengthSignal,fast,slow,signal,net_profit
0,8.603730623116537,4.0414654351385835,13.288617484892416,18.482241517412007,55.2032985567439,11.915333563573945,41.02937953616079,10.02790174432386,16.71533311572756,31.80276806451456,10.678242813641631,-0.0
