,stoploss,squee,lookback,ema_length,conv,length,lengthMA,lengthSignal,fast,slow,signal,net_profit
0,2.300732886956127,4.305217303821559,21.275305356524846,21.237032619685145,56.965881594312165,21.0,41.11090794800042,6.647082500721595,13.04916141777794,25.209121153108416,13.272230430979256,280.3890066956483
