,stoploss,squee,lookback,ema_length,conv,length,lengthMA,lengthSignal,fast,slow,signal,net_profit
0,9.550000000001507,4.98072408696922,11.368944256130174,24.98927360489185,60.036341691135036,19.69696898858328,32.50718203227366,7.155331341173534,11.316428802387772,27.564388306400726,7.991584683352118,427.04999999996653
