,stoploss,squee,lookback,ema_length,conv,length,lengthMA,lengthSignal,fast,slow,signal,net_profit
0,3.0,3.979550858083398,13.372830719420723,17.791823972030464,55.86833671930262,16.275737499294777,36.177850845379865,10.709584847906275,17.07168244320976,27.517734210208914,11.962465538154156,237.95000000000073
