,stoploss,squee,lookback,ema_length,conv,length,lengthMA,lengthSignal,fast,slow,signal,net_profit
0,0.9221008917237645,1.014313763403559,16.2305700340793,20.158062917494476,67.60582224969085,12.876256259376133,31.487164794364496,10.003269615224646,13.42090150598268,28.749825384078584,9.776652906340857,-0.0
