,stoploss,squee,lookback,ema_length,conv,length,lengthMA,lengthSignal,fast,slow,signal,net_profit
0,1.9500000000047844,2.3796977044009817,15.0,16.518921726730497,53.32730597761321,11.698004211933316,39.57859423853412,11.049956104539385,11.338111941555333,20.970770164560317,13.696516049811494,107.79999999998836
