,stoploss,squee,lookback,ema_length,conv,length,lengthMA,lengthSignal,fast,slow,signal,net_profit
0,5.732457192211754,5.2611895971516915,18.98917668252546,22.34821622730101,62.75857565530396,13.00007867719129,32.99945848249678,15.649021482879657,19.90739078258956,22.2889257187661,9.983345015520989,121.1201712311522
