,stoploss,squee,lookback,ema_length,conv,length,lengthMA,lengthSignal,fast,slow,signal,net_profit
0,0.7500000000020725,3.8325033105256114,11.539564095258966,20.39539050362706,47.74664057349291,19.12542082908427,24.158501176879867,9.831279309548567,16.68840964468461,21.080501272258086,12.629321987429432,388.4999999999418
