,stoploss,squee,lookback,ema_length,conv,length,lengthMA,lengthSignal,fast,slow,signal,net_profit
0,9.550000000001848,1.996260605632285,14.201683275437755,25.24356275984683,58.916933799598915,25.595065493210953,40.18273187055598,6.072914485359396,15.084698126946943,28.908329920192195,12.016544006196337,343.74999999995634
