,stoploss,squee,lookback,ema_length,conv,length,lengthMA,lengthSignal,fast,slow,signal,net_profit
0,0.7500000000019204,4.059114387895498,15.797713482268895,15.215896806851898,59.98188004362123,19.182919741493386,30.717535295905744,8.945807707913117,9.38517806523771,29.150444937295504,20.955479458302573,387.99999999996
