,stoploss,squee,lookback,ema_length,conv,length,lengthMA,lengthSignal,fast,slow,signal,net_profit
0,0.4921907053969254,4.297189471891629,9.135227239172954,17.04633223552681,59.28699286910188,20.999980203873086,34.815515306182206,15.999995260928094,12.718204090657032,17.318575714486883,13.398547029725357,303.63742307047505
