,stoploss,squee,lookback,ema_length,conv,length,lengthMA,lengthSignal,fast,slow,signal,net_profit
0,9.200000000002888,3.0062141839117813,11.045497256830384,25.973149232538503,48.013081263807365,23.95612239771247,29.196202775606313,12.038066909228682,12.007478616144148,23.036119982493826,15.1467741703799,385.5999999999367
