,stoploss,squee,lookback,ema_length,conv,length,lengthMA,lengthSignal,fast,slow,signal,net_profit
0,1.4500000000523388,1.0769419023406699,16.99623928282783,25.524622899750536,40.70958645171238,23.98764089620098,42.994704313984364,13.821042021181327,15.252017116332002,25.90723412035384,14.364682370249682,187.24999999954161
