,stoploss,squee,lookback,ema_length,conv,length,lengthMA,lengthSignal,fast,slow,signal,net_profit
0,5.0,1.2082990142494938,10.770221101626923,23.128662634741026,63.0,10.418090086484977,32.29040969623789,10.06292084218082,7.072937978348428,24.837690582929298,15.89578299276982,79.59999999999854
