stoploss,squee,lookback,ema_length,conv,length,lengthMA,lengthSignal,fast,slow,signal,net_profit
22.059387008716673,2.119323795593763,15.923617502107277,20.74092418115655,48.69763754932589,26.423868207117494,30.522490827984534,6.022950291540738,13.127021769538057,34.5678756760113,21.381032573200393,732.2716468343642
22.109335974271904,2.131689328687249,15.697730105276909,20.633134117120346,48.55075102304418,26.08060736177629,30.949601148378214,5.712435569909317,13.074522786176372,34.10681548567475,21.280664334758754,731.3226164888038
11.900774193843777,3.9915122547419024,22.07665405553366,21.70375716059685,45.728910143478124,16.427982988464358,34.62440870178285,13.658651659807015,17.460012053511868,29.213165751955096,15.303387938270033,-50000.0
28.252618066291703,4.553869287174163,13.242037757259943,26.98166312666541,67.87301479163436,14.361890569998927,23.33855736747286,9.905433797005088,21.701473138967636,14.146560079345445,17.304814786161526,-50000.0
36.39530314984251,1.1698157221404706,10.508698597370378,11.250831776575572,41.23225720751067,30.2390988159692,29.60814829632976,13.987124781459048,9.409237492151757,18.24399684872876,21.69486411009109,-50000.0
