stoploss,squee,lookback,ema_length,conv,length,lengthMA,lengthSignal,fast,slow,signal,net_profit
49.089953160120494,4.175619705217418,14.7334480730318,14.716915455051467,55.307597708311626,28.98242064199492,29.14689133704251,6.696236956790583,16.138749053683483,19.066340933936146,9.09510697275189,1472.3411241571075
49.089671204789774,4.22488779746011,14.653830743445523,14.85087575690497,55.04870833034581,28.631984668678154,28.153172625460176,6.159721066493006,14.332868476473298,19.530902680612826,9.458252040722495,1464.9478910850494
49.12603110664693,4.223420374044361,13.419766818288897,15.617940459667343,54.9042350435645,28.64704647081271,29.28003295186565,6.742142144446275,16.4098079686213,21.756700053179806,8.996948016429867,1461.7252534404743
49.164830746623636,4.21580910971913,13.228544910915039,15.595749085266691,54.95403186843423,28.28671891378143,29.635934286141982,6.514758508249629,16.52262401121211,22.072693478456184,8.68500820104895,1460.7940620810314
49.15119416489388,4.214396401834329,13.109866247998724,15.324484788595479,55.265164016655284,28.36134396081826,29.251851229101142,6.9368239026925345,15.977756794001838,22.162115666348065,8.9624861659101,1454.8213400425475
