stoploss,squee,lookback,ema_length,conv,length,lengthMA,lengthSignal,fast,slow,signal,net_profit
28.501996519422082,5.596002790143735,10.146490844241665,14.23563738721266,41.25369158272516,28.284031626904042,34.00955621894479,6.336364818068775,17.99456309419257,19.186121526552565,8.781151914188849,1908.2940974561607
28.637469279846616,5.591937593181294,10.330950881339286,14.204260703104046,41.6769991303255,28.613589610772937,34.438841877683494,6.336081858270679,17.80951664826029,19.196277208137026,8.884775944383302,1904.5008601643167
28.783294340468135,5.470558238726042,10.546209410043028,14.244210269088489,41.3851536245314,28.324143123548296,34.2341544019718,6.6529333746807175,17.987663599663087,19.59132796023011,8.687286905379247,1900.417758466876
28.790987900675123,5.628228734470565,10.28232831131208,14.231877413608649,41.64728601955723,28.591126169970455,34.88070519940972,6.981282419684785,17.491412881191376,19.427320756590273,8.000944913104249,1900.202338781044
28.86713594630529,5.382707661356454,10.002098589434802,14.24988007490831,41.49225033744392,28.27692525006327,34.86338896575402,6.837703616552776,17.40924513957485,19.77658992952045,8.182248934138965,1898.0701935034704
