stoploss,squee,lookback,ema_length,conv,length,lengthMA,lengthSignal,fast,slow,signal,net_profit
30.39958870962376,3.2881153379784993,13.958967368092823,23.1578023616535,50.85070646728992,20.478594683743022,39.76244241991407,9.959337169007055,13.359452789420263,25.427956461546394,8.331726815092791,197.10041129037626
26.832906931108653,2.8945172939892196,15.330157377825506,20.414998530687146,40.06076287065438,19.942677842424075,30.932147103373666,11.724095789372047,13.648984603368012,25.114130400604182,9.736110423512654,195.86709306889134
47.14567618345923,1.422836737739976,13.689841171078838,18.948729791937396,58.83622748907538,18.199854718221648,31.044624026079777,6.988658312505439,12.97748767300002,29.108522401341162,10.422941855401058,183.50432381654076
21.121890446776213,2.968325105600916,14.717224887453378,15.311558501485905,58.18554280427443,19.246134909523768,30.57163060802236,6.518296009595176,12.91584360345333,31.965324325649974,9.91112577781588,182.8562191064476
33.741552929297406,3.5907163347458884,9.003826461689505,16.14227561311903,56.547104176968965,18.561955716316433,30.770470115205757,6.635715683670107,14.805837793684468,23.951177500374133,9.811712036952576,181.79999999999998
