stoploss,squee,lookback,ema_length,conv,length,lengthMA,lengthSignal,fast,slow,signal,net_profit
43.83425058166788,5.359060927986253,14.019571952682268,19.872835417250705,51.68038109334137,16.46820234876895,32.37263790046636,9.708702360986608,11.91507203750533,21.97938572199587,18.775556312012558,271.1999999999999
37.199373360628904,5.151476809854097,14.520784562100394,20.1100419347677,53.08346668140046,16.29870837323911,32.24660110205978,9.611184559572028,12.692088063009296,24.76753506684949,12.595793041554442,271.1999999999999
38.33627027059881,5.040526530411036,14.78235610228837,20.221238213445602,53.94776881603908,16.793373132581376,32.11463205513024,10.706629782677068,12.638321796862536,25.25905003737325,12.309526728429004,271.1999999999999
37.37670582899578,5.008658661956753,14.832257268869098,20.308981891204446,54.006199066368616,16.879334066780803,32.10525371233208,10.57982159150567,12.780161346057799,24.917946133605597,12.177919047747876,271.1999999999999
37.56592464438959,5.143042763679659,14.618046136353321,20.244013748632145,54.253828996173574,16.727463988019004,32.13482735161992,10.404023932917676,12.389698451672635,25.28675275390271,11.910756308517819,271.1999999999999
