stoploss,squee,lookback,ema_length,conv,length,lengthMA,lengthSignal,fast,slow,signal,net_profit
39.59571355046429,1.7962122293944816,14.011740571450536,19.1948971108637,56.18930032926582,27.30771133110431,29.336626557870268,8.295302803874812,12.458906048672494,22.441321539546284,12.161457712031241,189.64999999999975
43.34281342443937,1.8907262237410951,14.781510844161497,19.769326844882055,57.5252791062198,27.07191913452078,29.77677523885777,8.400489289955733,12.265385955439339,22.893439553139206,12.286604576281354,188.4499999999997
41.98574742107143,1.9807269536478227,14.478084014157961,19.26666600891097,57.85131054704122,27.64016621259065,29.91689681117845,8.632998206844007,12.650600295362015,23.020553412269933,12.351112041452074,188.4499999999997
44.90351790926601,2.157395735921509,14.43064667925752,19.611900974250126,57.86877554473349,27.651248933423215,30.096640506182304,8.655896382328358,12.306803515559503,22.669538147050663,12.02644573897492,188.4499999999997
41.21196286270679,1.962330055396887,14.20468330968427,19.344067328687068,55.563843938306235,27.745539610440765,30.121093499844616,8.162778392026613,12.518689969927607,22.994709001647884,12.563805389309508,188.4499999999997
