stoploss,squee,lookback,ema_length,conv,length,lengthMA,lengthSignal,fast,slow,signal,net_profit
35.25425700605851,5.369809940260892,12.022243852017118,14.954008352471877,64.74306429040178,19.18426195915464,31.99963661737939,7.659242223046827,10.669189134646873,27.925825163834208,17.3747306876513,683.4914859878834
25.157036849100525,5.276907759222209,10.492583390967049,18.192041862027043,65.15027437574105,19.20224542355577,34.570709557596224,7.882221978788406,12.997762752501698,26.265745330341183,18.24006612740953,676.078889452699
25.271587343691376,5.4925286863395595,10.568727611508958,18.26730383920666,65.54757824799306,19.334401969712136,34.40639653674555,7.910098554259601,12.503120136860584,27.220063753403906,18.593528389536946,675.7352379689261
28.138189331805005,5.49820975858,10.168927763804408,18.16973143075751,65.93101728207854,19.8189887823009,33.779658552395816,7.458775500077267,11.951019878207982,27.04124562411537,17.978137715935297,675.1736213363903
28.242550935846165,5.476567578683195,10.422858206906428,18.23177119173471,65.53618373103292,19.575067767379174,34.72189551534506,7.593230918680706,12.511311227201348,26.795480623125496,17.689535292720283,674.9648981283082
