stoploss,squee,lookback,ema_length,conv,length,lengthMA,lengthSignal,fast,slow,signal,net_profit
38.462243506191754,5.832971364763262,10.470334582550496,15.178824492022951,41.87415178731921,26.35721330479639,31.95622634796076,13.085137940748325,8.190159644942291,19.49689212266671,18.207765417846748,370.44999999999914
42.97392127906328,5.911735982523629,10.332618761427895,15.136828102296494,41.469938686733244,26.564075026017555,31.063004391050637,13.755515020627904,9.465388543872567,18.45417331297464,17.008092435759345,365.8499999999992
43.12047951760889,5.898718111673481,10.116105247104223,15.08797629676902,41.534622468463375,26.94116294319826,31.078043864507467,13.580062889311384,10.48958269466555,18.732919875493362,17.413029187083488,365.8499999999992
43.1342973268238,5.900270254743407,10.01201653803814,15.024185792461898,41.35598997987504,26.990289051351542,31.556924930176375,13.478075241683007,9.968783151047308,18.678576130228684,17.738721116993652,365.8499999999992
41.747831598724346,5.85062547521334,10.320735845853992,15.159505662092588,41.497296080755376,26.68379189772532,31.43793023171626,13.663728631405835,10.432403563396765,18.79038963298474,17.711042049354415,365.8499999999992
