stoploss,squee,lookback,ema_length,conv,length,lengthMA,lengthSignal,fast,slow,signal,net_profit
47.83213120119568,4.792506660808237,10.308179588551573,14.582688894728806,50.286127183085384,26.404408317362307,36.3061318250448,14.217614971344977,10.927044483816932,25.48718755933707,18.448561836149736,2201.3573759760857
48.29120016395596,4.85384514102907,10.415400676314471,14.661893086559342,48.00057934639991,26.670244074731706,36.58243214822897,14.235941392120976,10.883961929337158,24.742406346287453,18.210359939724285,2198.693596392968
47.866605429295895,4.752307903093169,10.25771477033739,14.591536227194226,52.28385440114266,26.880423701534927,36.96676311968059,14.250316411710374,10.910312383030607,25.843320029760847,18.393521469693138,2197.8678914140764
47.78313972886774,4.779476400186626,10.399628347026827,14.612534677485753,46.72934332243897,26.504240491643614,37.06160688353962,14.00700603787764,10.705631168947637,24.073752388353594,18.25094607041385,2197.337786236053
48.388724186731615,4.879872265759228,10.703536862881355,14.601053550267755,50.127433941022204,26.088118737005193,37.07431066705009,14.035942052350286,10.932263796476361,24.86583277784067,17.744024516081335,2195.8480678919086
