stoploss,squee,lookback,ema_length,conv,length,lengthMA,lengthSignal,fast,slow,signal,net_profit
0.00013796894586728947,1.7178279066524724,9.530261975088296,14.248721816310288,46.63433086239617,23.88252104625925,38.24646957669338,7.985980637406407,10.724378978946914,27.835515315862494,17.534321272370434,1254.6986203105116
0.000735716299208114,1.5859342524230757,9.910406428992854,14.237369817969167,46.107835283742126,23.538890521874745,37.97906705563013,7.70134221981817,10.690555004360075,27.478039876180446,18.042137374571826,1254.692642837028
0.0009496828101865848,1.3307558178103305,9.814006923399033,14.233064326478058,46.69879858598783,23.362905839360216,38.0341315004473,7.381809614311207,10.83922197521019,27.082475291212017,17.58274755908389,1254.6905031718707
0.0012582372278252879,1.3880706273716878,9.95654059533585,14.221562191408482,47.33981367249194,23.527069583370647,37.98336303514757,7.897056533816472,10.832485322097911,27.809079451825987,17.395923195428832,1254.6874176277124
0.0026953160210852673,1.240304142858096,9.896954250199341,14.010076532003799,48.57832937587703,23.780896758650716,36.541130174357534,7.328300128441907,10.3825235756741,27.562079419289624,17.755460621827428,1254.673046839809
