stoploss,squee,lookback,ema_length,conv,length,lengthMA,lengthSignal,fast,slow,signal,net_profit
42.52496605830162,5.703036604816476,11.482401666882048,17.729451155815436,40.000900666813486,22.31261513678162,26.785614069796566,11.491308761145278,16.724798837528763,25.71359399546889,8.807364795469319,1491.475644892238
42.72261459904843,5.538481957497624,11.655102889053332,17.906670452695046,40.84760613926099,22.77634712838955,26.93894816063909,11.376353374949412,16.960863657022383,25.50120656145887,9.22421437864983,1487.72032261805
42.91902034330438,5.357927436138032,11.153523851658079,17.719468691885833,40.85464310137041,22.55949433640576,26.888392467823184,11.316518086458027,16.60432262465755,26.020846839582727,8.669215874354459,1483.988613477246
42.23863018510849,5.342844492177743,11.898578976350105,17.99132603816803,40.01876729319484,21.339765042519005,26.971484158806355,11.41584648277841,16.690865818032876,26.50007076029316,9.175316115315669,1477.366026482956
42.25191843453414,5.447457169552437,11.960545478009406,17.805452528898723,40.02671652496729,21.90553898118456,26.799732795198498,11.654945420729065,16.76165590760335,26.124296981061836,8.187638760578457,1477.1135497438736
