stoploss,squee,lookback,ema_length,conv,length,lengthMA,lengthSignal,fast,slow,signal,net_profit
20.52280223658334,2.629632277701787,15.95442763725274,26.325494559171208,59.728697367615325,28.35885816544571,27.030021157197044,14.46963739618805,16.415618881343832,28.458947507685476,18.61345134404454,146.40439552683358
20.524997885646748,2.717514702999833,15.72321333759571,26.4096032726066,53.73179317633256,28.983535465281914,27.31347534114793,14.650692760075511,16.31766910698911,28.880787824497993,18.668700219292216,146.40000422870673
20.5777104074068,2.636929636943251,15.933826288434318,26.242456345132528,59.65698378084441,28.96601590283443,27.475508739277746,14.442081139252505,16.328848239369652,27.949721626366085,18.769836276405638,146.29457918518654
20.600513644834457,2.9093489322981947,15.935459160918294,25.786501034375817,53.76227551222613,28.635415886452098,27.996197137600504,14.994791652384755,16.61836926380681,28.545771889043156,18.492346685929732,146.24897271033126
20.64928845120638,2.6937325904388185,15.429000881974808,25.895427999687687,58.63370805202032,28.624299317317412,27.412347268876236,14.525525280037114,16.028119434210126,28.173469859586344,18.43007307939058,146.15142309758733
