stoploss,squee,lookback,ema_length,conv,length,lengthMA,lengthSignal,fast,slow,signal,net_profit
34.852009920852076,4.097881805675921,15.231900850676862,14.522468892220235,56.986406629271706,8.063506691168511,35.52363875850364,9.370588563847813,17.40043133639163,21.77343118575139,13.15845685935587,825.7379404748917
25.8174623549008,3.929812168511821,14.204452699999056,16.14787605658544,55.62494382884544,8.355921511546969,35.50537460287526,10.623693998611877,11.58711625396506,22.76727655554849,13.241332654487024,825.0952258705947
26.511974111437393,3.7736374313911165,12.796912777117624,15.571125217838322,55.99971707176658,8.009104256972407,36.10295447242447,9.871544351405689,17.021802443010504,22.949730743488356,12.110411125020487,820.9281553313758
26.564487310152415,4.041103414946075,14.5276986087971,16.743536955597413,55.11075374428491,8.01758256715348,35.03840443655417,10.461151690488805,10.6738855065241,21.440103143012447,12.738854641280767,820.613076139085
26.59393519363585,4.094303899000154,14.727259867058926,16.66965488120473,55.01392172627453,8.39668352659306,35.28156933962225,10.42931271178038,10.691852751186914,21.402313831093338,12.717031164220272,820.4363888381868
