stoploss,squee,lookback,ema_length,conv,length,lengthMA,lengthSignal,fast,slow,signal,net_profit
34.91591060709998,5.765870693771333,15.032302007476982,18.551313169970026,46.129524627758386,26.04702299883403,38.496106333889024,6.915071190644293,13.292280057202362,26.133802573905125,9.655981198193155,699.1522681787001
35.22689378826199,5.615274722395224,15.86708804803305,18.83309130964817,45.38377774484947,26.003604645306563,38.400215560420655,6.442745680329911,14.218747691196995,24.87306456906911,9.633548620661117,698.2193186352138
35.260867483860586,5.766969495997507,15.945406649688893,18.85822941855277,46.90347656587178,26.256770721754414,38.920881151190855,6.594552647241236,14.112987300392371,24.293081933056495,9.070505239008236,698.1173975484178
35.318906083380824,5.679837028601358,15.754885669875485,18.66698468352882,45.66071949232111,26.259680096798913,38.89133533621532,6.583828455906365,14.00524652992508,25.007538782382877,9.164789314593765,697.9432817498573
35.32374808436586,5.667603808552986,15.857479988172697,18.833426274796388,45.09083657149519,26.88382907061672,39.264803846537994,6.675373049912464,14.010605901872424,24.716777950882122,9.987902341429287,697.9287557469022
