stoploss,squee,lookback,ema_length,conv,length,lengthMA,lengthSignal,fast,slow,signal,net_profit
23.801775505039608,3.120255210306715,11.618580576965227,26.982854570053597,57.31504058623004,8.008102732265641,36.295626629142426,10.357458199503304,13.486726454430176,18.289742235751845,16.26720476964421,164.89822449496046
23.802552444224396,3.0271734695235843,12.105783529778794,26.181855621207305,56.99444092834017,8.000305412411516,36.08810873515335,10.392373683338032,16.326553997127917,18.002925754869135,16.341155239708122,164.89744755577567
23.806555479748546,3.168180579179667,11.379496108878548,25.94363948096357,55.62492995264029,8.677170681460261,37.34321625006867,9.335346690313703,13.49084402949953,18.840049782802325,18.994176932083743,164.89344452025148
23.81178729779849,3.3078775497346666,11.903946054895885,23.813160158160667,55.71984832027384,8.0170083461126,35.07271510309572,10.084357722750397,15.449358085065093,18.692984289163377,18.2467662541871,164.88821270220154
23.813160883751156,3.189519343067012,11.456137621571965,25.62139868212005,56.178265699565316,8.402131761744034,35.96294138068968,9.606415707522633,15.253765918712327,18.325402716133272,18.06651099569341,164.8868391162489
