stoploss,squee,lookback,ema_length,conv,length,lengthMA,lengthSignal,fast,slow,signal,net_profit
46.55211859412365,3.1431771955544083,18.033355389014933,22.437520859300527,43.857772585492306,28.325679185433863,31.771840537152453,11.89211860715611,16.073064163854244,29.677940274563145,9.812070178454801,1004.3266954646388
46.566218678701055,3.2091362822852547,17.176258459101486,24.04538107733944,44.171534743531716,28.9893314691208,30.247572085601607,11.705815452460277,16.26870516866056,31.328957856381514,9.550403978098357,1004.1715945342871
46.585149625243965,3.1522634312047804,17.6548543130891,23.631588955910903,43.79553473830887,28.352461471622522,31.59812647028458,11.608292765180053,16.66733472966867,31.108387994133604,9.209245095002789,1003.9633541223175
46.69813646986383,3.1703426886728665,17.743698058024517,24.003905086293756,44.10347653732622,28.52044787307641,31.33672017874283,11.212012489546828,15.922024082065604,30.075172615284124,9.114801096789135,1002.7204988314966
46.780055638516245,3.1813998508745374,17.71118382718961,23.355289645132956,44.11410753048729,28.124229408485352,30.93240508491977,11.759380304999004,16.112393087272373,29.90406707398456,9.682742510351822,1001.8193879763207
