stoploss,squee,lookback,ema_length,conv,length,lengthMA,lengthSignal,fast,slow,signal,net_profit
42.443819891766616,2.5771411408909475,16.571305557923196,26.05784997223689,52.03245943239395,24.358138760822023,37.01975332416848,11.245597740358066,17.49387832855097,28.50457058623077,12.367443715188191,919.4432607576341
42.624151461251614,2.405315794615805,16.435844759232783,25.91882157841926,51.05951106835412,24.141271346694825,39.06349199911198,10.557869390126681,17.999437662253587,26.568990894478137,12.62659584775848,918.1809397712382
42.911849334577475,2.497172477903737,16.470445735165377,26.115890097181072,51.64083427406225,24.677857430608345,39.1040756756018,10.955486043143141,17.406114044021184,27.641078078805073,13.310226845256476,916.1670546579585
43.08784057146071,2.5528773560023508,16.158046878444825,25.8166085659449,49.224280948426596,24.374112829714786,39.561215845400476,10.848512085322865,17.79921124586121,27.73166023976236,13.380471440915976,914.9351159997746
43.24665694492017,2.5641947498428177,16.351579861947314,25.84641151405245,51.28363821829389,24.192809277642944,39.42104723643915,10.700768850614836,17.6625101194352,28.18378538562259,13.311663366343675,913.8234013855595
