stoploss,squee,lookback,ema_length,conv,length,lengthMA,lengthSignal,fast,slow,signal,net_profit
15.03383360213758,1.5127565521258102,11.992518115742064,14.398097370965898,49.65829651420909,26.477175590988093,25.70771731939411,7.03381015381479,11.199945304265574,31.90471549389589,12.730325379637975,834.7718271508334
15.882761741098875,1.6259586936960082,11.915371848875616,14.390945836795321,48.91783449308669,26.0859728122739,25.293900099484624,7.247160403019996,12.771703759093018,30.473504781041626,13.400430510725482,815.2464799547274
15.08131042316152,1.4241317754701963,11.618066084097437,14.423499192337287,49.43062035477417,26.912818794924977,25.995014272500736,7.766080328238113,13.998405012713903,30.743562039104287,12.60945392842487,814.5485498441321
15.053236773834621,1.4753999598026184,11.948230476223527,14.479210521896286,50.475027116111356,26.710277376401486,25.4993605634187,7.935743433294637,12.74438963624629,30.97208665689046,12.315747836242515,814.0690806541425
15.179916525365035,1.614962384350443,11.772774432785395,14.448190597157783,49.346052612551425,26.243513131847827,25.81345804820078,7.167996027647009,12.170504564442123,30.80496999805215,13.632411847982402,810.9020868658736
