stoploss,squee,lookback,ema_length,conv,length,lengthMA,lengthSignal,fast,slow,signal,net_profit
26.388042198225758,2.074959276030339,14.648505030532245,17.643208440874854,49.985889791819176,21.97123495789329,32.250696664255955,14.372277981472667,13.257326183563872,29.114944797623274,8.339978097816752,227.32391560354836
24.90022834655473,2.489162667965939,15.311671171857967,17.374967767712494,47.897810895191384,21.790066937171193,31.650798281264088,14.853197064125036,13.2194454180282,28.754727649301202,8.760586322731577,222.34954330689038
24.91903074270043,2.3341421968217344,14.74973248226975,17.93694247437931,49.034709262149086,21.18705173343273,33.28699257444281,14.83030185092089,13.082537281267472,29.649928962817455,8.684383546684492,222.31193851459898
24.934640881936257,2.320301212072306,14.719040071904448,17.762114250414378,49.56611803687529,21.95625655048635,32.15179851792442,14.146876726272726,12.910437465580674,30.100696746444186,8.200975275545265,222.2807182361273
24.939195332038118,2.4499550158035897,14.678870118465012,17.689789658456395,49.03701246734818,21.137998079953185,32.61050625719349,14.461031592256694,12.299333637562276,22.515544353532064,8.506494836550182,222.27160933592359
