stoploss,squee,lookback,ema_length,conv,length,lengthMA,lengthSignal,fast,slow,signal,net_profit
43.75388058049988,3.3534816882509606,11.35199642288783,15.865886253230038,42.51834306034412,24.384354369527706,27.9168052816463,7.475071064136032,12.510444775937254,28.563595044171358,13.927775133410977,1766.953433034003
42.755042400775366,3.463199140407738,11.665256283063325,16.115146274025374,41.53728418632011,24.587186536656866,29.3157535131677,7.563466744466436,11.552869007137833,28.93714793690272,14.63016009437017,1762.54453359147
42.52012704955023,3.5037390713292194,10.59936209013081,17.309426394780534,42.18726618922543,24.278867421986124,27.794525006608094,7.3843189648430885,12.154358759933086,28.470214347835668,14.429998577330597,1754.4383483558445
43.69487993876847,3.4432497787243563,11.696738560545844,16.042124187104772,41.5829135736236,24.980758754673914,29.60294593089383,7.146828348403982,13.210476763933611,28.677087816302347,13.551825215313263,1752.2063206735488
43.091116840069,3.4531960852208847,11.67937379544053,15.70931417720213,43.146405148683996,24.966604306855118,28.573572812517746,7.204607503664658,12.120180723868403,28.53111552378393,13.77603810458271,1748.847714759242
