stoploss,squee,lookback,ema_length,conv,length,lengthMA,lengthSignal,fast,slow,signal,net_profit
44.12323841352448,5.271990130990465,16.660677526756572,20.675400246650025,59.92470163943565,18.777656575042446,28.96355560205737,6.229611646587481,13.792414423904713,23.456875191494323,11.837947950731653,615.9070463459016
44.18224158561877,5.430347972379561,16.215086703189954,20.556916636906983,59.271776705262276,18.82148931557778,28.96946863747958,6.816941422867666,14.309204094747297,23.441980648551485,11.169808702179687,615.6710336575256
44.20472891676902,5.301545500872127,16.580485986001317,20.697245714958264,63.10926859011657,18.76815841978667,29.597493681201662,6.458753013961266,13.882446769883263,22.643259054437053,10.767714892558246,615.5810843329241
44.23315229892083,5.105396185740421,16.778583498159666,20.651621226890526,62.20810887892763,18.09627167554472,28.97619411574785,6.795901216687899,14.214610359679625,23.37427289671674,10.757126827870465,615.4673908043173
44.239537636377285,5.324142187533941,16.87266969849456,20.784605415516836,60.09776981411631,18.664548410306516,28.5851901794571,6.806248948739475,14.670663706300077,22.477164469784476,10.978856829171985,615.4418494544902
