stoploss,squee,lookback,ema_length,conv,length,lengthMA,lengthSignal,fast,slow,signal,net_profit
48.976282940827765,4.262270461991228,9.005267771865455,18.333202809321147,65.53677603657877,28.99266332907672,27.34163238558035,14.67543545130008,11.088486969822053,26.7210215791309,10.134957887282333,210.49999999999994
48.924766087534714,4.4186787209809495,9.222640412689573,18.418150640110408,65.1631340561003,28.621023568130884,27.637916074754052,14.993129839461446,9.097790819494183,24.506164921609344,11.130446703090314,210.49999999999994
45.84559639401697,4.26541242309488,9.000768058221148,18.15873197750449,64.0187249096285,28.997987155401688,27.297368610890928,14.730383198787761,8.469082256174573,29.619957185730062,12.246688375494466,210.49999999999994
41.991942194257284,3.7581090400097144,9.220342309279664,18.40701410511255,63.69536567571615,28.63605698116659,27.24996289971802,14.988077621220109,8.494784824389399,30.153224620033864,12.522804129963824,210.49999999999994
41.121929700527346,4.016769335476611,9.185155085068917,18.33106895719782,64.32584124073715,28.61133782109804,27.506169881524134,14.845607096548152,8.57168393236261,29.3407041044277,12.31330868797007,210.49999999999994
