stoploss,squee,lookback,ema_length,conv,length,lengthMA,lengthSignal,fast,slow,signal,net_profit
38.613864014386564,5.590849702290826,10.206295322484275,26.99321968433126,63.12648345657169,27.005671550965793,35.04535643996117,7.44536094505412,9.784029516767696,31.99236794768725,10.435953076322749,761.9084079568397
38.9279419993307,5.603691045050768,10.224535087917358,26.998016132718583,63.566764448562594,27.07178179218988,35.094122525370146,7.478369427189511,9.928186245720566,31.992106312443966,10.188424267105306,760.9661740020074
38.974137167163086,5.592199559851249,10.250547679876757,26.994564393841394,63.66089344414564,27.02377772602757,35.043207275436785,7.529971181322442,9.933181003748226,31.538785223768937,10.332776797305558,760.8275884985103
39.06059648952328,5.612348446507211,10.223748761843293,26.983697437013372,63.38461602189449,27.036069135395596,35.0580998943136,7.555938352003482,9.993029182865293,31.924305796497073,10.43429238176112,760.5682105314295
39.06460238195468,5.591986818045045,10.231800701866286,26.988971664388185,63.30242766681474,27.145488743344004,35.03687855713049,7.478698784146813,9.979104378062836,31.41486273724661,10.411459727744955,760.5561928541351
