stoploss,squee,lookback,ema_length,conv,length,lengthMA,lengthSignal,fast,slow,signal,net_profit
45.511917146417176,3.1169373286210895,12.791064279259912,23.097721217680384,64.17926160371319,24.864946479375316,39.63715789020675,14.029780747810989,14.144996883304243,18.93956896693337,12.413779178060675,374.35000000000014
49.97949913330796,2.803247315962003,12.854067218760674,23.17642209236972,62.77922587551355,25.08947247607946,39.97387801246897,14.043344152535342,15.851293299277383,18.735159432820012,12.415561395478505,374.35000000000014
45.878253339874945,3.0659125921144463,12.571722451814805,23.10261957050187,64.90739678585628,24.85586614074331,39.63978696884411,14.056962846907998,15.610102234331347,18.79593003529639,12.743421992104166,374.35000000000014
48.018844681610766,3.6006906805014207,12.146371749091617,22.823767569053807,64.56198580095189,24.66252748365228,39.73986000057705,13.226391063829105,13.431834928343353,18.001943514794345,11.62461220701124,374.35000000000014
48.76834313800134,3.8264033326098663,12.474308594413934,22.963335241639477,62.75864867679505,24.835515820861993,39.73477927751842,13.767756335614074,13.443066668777076,18.004825766084064,11.048293365280356,374.35000000000014
