stoploss,squee,lookback,ema_length,conv,length,lengthMA,lengthSignal,fast,slow,signal,net_profit
48.75121009198306,5.058123828085395,9.245766276742929,15.556570161849821,40.28773182924174,23.21418224686517,37.93914525149099,10.43095533049819,8.989846902953204,25.456501092892132,13.45945514701682,241.95000000000005
46.73770798298142,5.074239248529469,9.464323340657574,15.79255760767731,40.509960934644326,23.343458359568146,37.3066841566174,10.392275615699369,8.646232673795934,24.995105240332055,13.319254981579581,241.95000000000005
46.40477178524219,5.132913701596453,9.212780197097066,15.702275270427219,40.540829189796646,23.07784336404959,37.91499795154673,10.395547971444428,8.421813171543201,25.3341902682601,11.570113046269146,241.95000000000005
49.933890455746436,5.0529440386524085,9.579230825575442,15.709165220048927,40.48557799313206,23.278834526046893,37.48562959274318,10.78835949616086,8.630727961747052,26.253856400761517,11.8635149051237,241.95000000000005
49.21584418306413,5.0918258607190365,9.788272057410952,15.785013799002906,40.02683469802022,23.49355494588483,37.398978916898635,10.725697616956529,8.406345533745625,26.3797945714603,11.656632497008863,241.95000000000005
