stoploss,squee,lookback,ema_length,conv,length,lengthMA,lengthSignal,fast,slow,signal,net_profit
46.96519876866014,4.193694987550051,13.760781177708253,19.784496368067472,52.5957905036278,22.206280410398023,27.52588419332994,7.845169529751668,8.705222843542206,27.293393838278735,9.26279653697586,1875.8068197014372
47.349546448994055,4.269629170986203,13.631138959803494,19.807103881993093,52.26061272318422,22.33312095708501,27.750513716022223,7.794783015217291,9.213801458426358,26.88177633389569,9.480795287503172,1869.6572568160927
47.6462300851978,4.181068118434918,13.910844048046359,19.800777347670063,52.519765709087245,22.924167137464423,27.75160585302075,7.8666757207902425,8.000298756630174,26.87738252400921,9.090126757122285,1864.910318636831
47.65110142540195,4.620049024371312,13.231811755287739,20.140454746327123,51.725354160952286,22.760123122968682,27.487558418903077,6.280410298664065,8.78702971111015,26.651864679311426,9.513537945424487,1864.8323771935693
47.66547982061609,4.260193867326759,13.806452116203044,19.818953511888203,51.992298761086815,22.159853937072516,27.491063333224172,7.466467841029444,8.798993422045148,26.912845105739738,9.284207533077725,1864.6023228701388
