stoploss,squee,lookback,ema_length,conv,length,lengthMA,lengthSignal,fast,slow,signal,net_profit
46.69247087893264,4.769391088862506,12.429739831816315,14.627151250476174,63.513641063020685,14.523815805835108,35.453149617176976,7.4947327541815945,9.3395342940976,20.11962760189413,9.418302930610729,516.465058242135
46.99608108231463,5.198635013090709,12.512960472874354,14.846565696327954,63.09388217309519,14.965957008213898,35.29208725350961,8.673375821156586,9.573186030554572,20.920510972769378,8.386900146183933,515.8578378353709
48.05855765636708,4.84541611736646,12.202911329204756,14.234492713637446,64.59086706014762,14.190612541951538,35.20631723066949,7.448001550542683,13.105814114788854,18.850320883849683,9.847960973461323,467.9828846872656
46.3539548183554,4.66141968723398,12.621331614845337,14.02250579829611,64.37133637272012,14.040979100872388,34.21326642684863,8.62560344083244,9.12316041156452,18.71670290211675,8.03148603572857,348.8420903632891
46.35526102884223,4.6706477597210005,12.396541633766553,14.001537240777726,64.59623158611103,14.621441968854334,35.02407536949989,8.894795394539763,9.059578018553703,18.540883008794886,8.007822459595658,348.8394779423156
