stoploss,squee,lookback,ema_length,conv,length,lengthMA,lengthSignal,fast,slow,signal,net_profit
46.034016360282365,1.2592284730209018,12.116768618757138,15.407489346837483,50.10297746886085,21.265772493030756,39.50173682573172,6.002326065173108,9.549535619270225,31.31334797055294,8.828133695562624,264.9999999999998
49.0250621536558,1.191889835262591,12.620433132732934,16.043827801261408,46.991985337581,21.89521008895569,39.42304515002582,6.175126929339831,9.478906302108662,31.107394139489113,8.488524601949692,258.0499999999997
49.90796652025204,1.2411232618809467,12.341684482600902,15.744660341700635,46.830899784739984,21.528927367662572,39.26493472175916,6.286948236781679,9.472267645149628,31.50190577798056,8.596968620827973,258.0499999999997
47.25132545053135,1.2287038488649271,12.543340599692279,15.638147924802414,46.68349169774109,21.308553235985908,39.26755979322003,6.208679939702196,9.792793120299448,31.188741906168204,8.604956065804846,258.0499999999997
48.273436413922084,1.2862605098389732,12.27050853194877,16.029769824309636,49.77931580254223,21.56431819544447,39.253944262317525,6.172725264877046,9.89411457434589,30.766420628275874,8.699047125757735,258.0499999999997
