stoploss,squee,lookback,ema_length,conv,length,lengthMA,lengthSignal,fast,slow,signal,net_profit
21.275138730152868,2.0645366807034495,11.94912539221,22.578648919249098,43.845985260057994,23.33735392745157,26.69047724193083,10.484548329565431,10.717048814152978,22.86233495396403,14.483006009818801,10.000000000000005
36.46854079854133,2.244921034937146,11.827789357204033,23.491639865508645,43.60692979875302,23.447630529754022,26.80378579078487,9.376703212767502,8.504404544145098,18.38297375896748,16.260298816094814,9.950000000000006
42.03792340882631,2.176900869719119,11.876038586716907,23.66901455907448,43.39932533590036,23.94236221874293,28.09801926237019,9.968875054986082,8.09349911261348,18.004250549192545,15.416164676853818,9.950000000000006
25.27598086246619,2.349058580812989,11.29697116722672,23.393497700557777,42.80443056609307,23.343824546795883,27.05878557582753,11.685353821554651,14.850540788535152,22.689670197695722,11.71109434301749,9.900000000000006
17.413959476468804,2.393087581519269,11.532053180015332,23.328986193745635,44.16562601650757,23.69750854930863,26.278592686897124,10.50685123034314,10.037586278945687,22.49543796224995,13.38335158192221,9.850000000000007
