stoploss,squee,lookback,ema_length,conv,length,lengthMA,lengthSignal,fast,slow,signal,net_profit
47.46105725221144,3.487800173080985,11.393825422988684,18.539312791604452,50.15979673344344,22.439555850018888,27.22399773951603,14.430327314775734,9.540949197453969,25.436569509289676,9.327282947702418,24.549999999999983
48.11354273750748,3.606771794868552,11.565693540505018,18.634359068928482,50.681185282207466,22.901422079996454,27.049180948076934,14.38555819019434,9.567482895315523,25.84009074977238,9.391122799254367,24.549999999999983
47.09873640419495,3.5849895126455666,11.38866294382171,18.523603503424887,50.07895402047798,22.79588197286952,27.218650986043336,14.317939609019398,9.568534683729736,25.866539784404488,9.405682630226925,24.549999999999983
47.46123220798355,3.538844797280704,11.383781796472075,18.855067915553867,50.082747855103584,22.6247377001237,27.165024884005504,14.249720896649539,9.525970985739129,25.530436994573247,9.553382739916303,24.549999999999983
47.082780008439244,3.6346648823414913,11.559721830255624,18.766257384615567,50.09243923565103,22.654661457455642,27.25659316048001,14.265621607023482,9.648219725860331,25.44095714378348,9.327386288993946,24.549999999999983
