stoploss,squee,lookback,ema_length,conv,length,lengthMA,lengthSignal,fast,slow,signal,net_profit
10.873415310098686,4.313477817112028,13.063221333602272,16.472174926747638,65.4978536338117,17.399805244652935,25.555527448611937,10.65857803787722,13.508240629829164,24.05326287375709,9.869242246865687,122.83292344950667
13.219999599842064,5.410364368793053,13.272332086590799,16.41951941628713,64.25321990894331,17.634212617202923,25.01575354349078,10.817318484516413,13.217580674520665,25.081790584460542,9.364537784464073,112.32000160063166
10.668380559273213,5.464169046732772,13.206152131051338,16.499887204107633,65.97860125987796,18.36124207708263,25.28536632871163,11.927965422975863,13.266634999349328,24.926316540661325,9.613381274436081,109.24485832218039
11.288137283790567,5.995357811487076,13.157745595791233,15.278282367774672,65.20812693252176,17.592343015762467,25.305178002335055,11.02509262678577,14.457886909626998,25.37148412772343,9.541681043943642,104.27372543241887
11.383866368938834,5.4805453671809445,12.755690127682943,15.762544171936002,65.96903313740823,26.912790780319327,39.230949886979715,10.745707358236226,13.678313704722749,25.307880463406768,9.724312365228773,102.96453452424464
