stoploss,squee,lookback,ema_length,conv,length,lengthMA,lengthSignal,fast,slow,signal,net_profit
49.02699506247622,5.834152783778297,10.611248095652053,16.572815041970216,55.342178314973346,28.007093528430275,36.83535978595257,11.70190795237338,13.116551994811614,21.431323287927135,9.56341360465659,1438.3110345626683
41.097923563555575,5.994022863709058,9.197202628236585,17.487813991028077,52.27854873544677,28.20958851949691,36.6271875007503,11.409630822651508,13.263666470282784,18.698929900643854,11.558497366594539,1432.914535055113
41.177403288020585,5.996604977164345,9.18092192137912,17.396996917476518,52.70582069852577,28.67021735519908,36.536132892002,11.154851633459806,13.729821631679894,18.00992002409905,10.948975917682409,1432.858176983856
41.068731495669994,5.900749989840429,9.022056066232258,17.425341716095232,53.133332185080235,28.33473518573659,36.711776042989186,11.317409131704464,12.719461326405476,18.447738192739564,11.74134700468213,1431.618879530312
41.56210913407503,5.998622186777891,9.330882571240018,17.4090590066846,52.860399873938924,28.30947974161185,36.71266877749524,11.441329350018547,13.135016075785982,18.823978778635155,11.4653833571562,1430.1652360614767
