stoploss,squee,lookback,ema_length,conv,length,lengthMA,lengthSignal,fast,slow,signal,net_profit
44.13535615422026,4.291982485781419,12.264198895264952,19.431391909112477,50.57782829298611,26.99835186995433,26.188646138040067,10.645939395941845,16.44108785330111,29.182204437507366,15.358341152227938,154.24999999999983
34.101629741569525,5.167643152553794,12.9787146022969,19.945197456287712,46.03046811625085,26.37768332935533,25.540516034361662,11.211081042870262,12.111634073294239,20.132161870874658,18.332875706121484,154.24999999999983
36.67660793137383,5.1359125536249035,12.701706858881096,20.007813463595255,46.152639680511676,26.503984446626973,25.008604783682795,11.99448661445004,11.270359999612706,20.79691715508706,18.711386213080942,154.24999999999983
36.88265866298255,5.608744729562644,12.205608409643604,19.765941382546824,46.26277956226572,26.855340411296304,25.590876217188438,11.06353771188526,12.711982129774508,20.756957847635892,17.74622470925594,154.24999999999983
31.1801416404247,5.474543028597894,12.007103033829575,19.532686639825474,41.23927480366905,26.262296016042267,25.016672532866302,11.98900451691841,11.470075141851861,24.599321811547124,18.762545359939164,153.19999999999987
