stoploss,squee,lookback,ema_length,conv,length,lengthMA,lengthSignal,fast,slow,signal,net_profit
23.338718069489936,1.3484066346351231,9.314035734406607,15.146960031283005,58.82819445105687,11.940771611738645,36.09991234210602,12.93477653902238,17.442622320814163,28.55929970609526,14.530199205359697,79.74999999999997
22.089800839487044,1.43428722543957,9.131084896870918,15.116344741434348,59.04415124885078,11.482653989617617,35.56131890233629,12.937679821556904,17.20241226891323,31.290592320803146,15.264159331408747,79.74999999999997
22.291115514562772,1.4616292700357103,9.143479766803905,14.366892622927285,60.35264417856833,12.875356259557178,35.145770857920716,12.746606782292226,17.06678823310786,31.336421002820455,15.345177104934846,79.74999999999997
17.76295395350827,1.3627803630953934,9.364208144504953,14.411632035995892,57.704121497797686,12.958413213359094,35.607498273964104,12.312295367454581,17.083760380293903,31.580193442686898,15.034458874644647,79.74999999999997
23.064604329848667,1.5066806737568537,9.011913100908806,14.400433463295283,60.41028403696817,12.484718596363328,35.22620672527065,12.847423236777539,17.004327309886,31.431474944174006,15.479317249934374,79.74999999999997
