stoploss,squee,lookback,ema_length,conv,length,lengthMA,lengthSignal,fast,slow,signal,net_profit
30.098903744956825,5.428031289844309,10.725307869830232,19.061939328744426,52.57627996512667,20.31283142224817,30.661414828593912,6.181460778366046,15.25513185781849,24.261123841808963,17.23052092939778,725.5153475705993
30.106376484618576,5.530630761601792,10.695696153389196,19.009649706065844,52.78427729776461,20.767064028074362,31.603319246150743,6.623904712240762,12.844410902105695,28.453460615086925,17.86336624159497,725.4107292153403
30.289831486579835,5.382929018335637,10.671155994469038,18.60068844117925,53.27554019249059,20.19575002824193,30.499793808193974,6.8811904698351425,15.746944089483693,23.861910999602912,17.108197877123335,723.9923591878833
30.22676580540378,5.373954975653101,10.918634000407238,19.069452035172638,53.28638050964914,20.324819598715997,30.656000958038376,6.598249056454431,15.270637528190445,24.485690638870633,17.057457863317524,723.7252787243524
30.098338116043983,5.506013942089363,10.811738592066936,18.890079354224355,53.67806753069185,20.067529007129973,30.558408505472332,6.664624513716893,15.16981394762652,23.855633536808348,17.506866515551295,723.6732663753828
