stoploss,squee,lookback,ema_length,conv,length,lengthMA,lengthSignal,fast,slow,signal,net_profit
5.018695261535604,5.272464226701115,18.279983538506496,24.117105284270377,47.03943666277052,28.59887750602377,37.20933573429587,12.236444697966407,15.288028067517764,31.3969280132131,12.30491860738119,88.55043790771515
7.082062960130327,5.833491610280807,17.194915524586612,25.021589575002825,42.983742417274875,28.9780824038519,37.867404272680126,12.586569771121065,16.33480473404752,31.150552017683353,12.189048029236107,86.47174815947878
7.025990563773219,5.909585385644862,17.17576868438251,25.31329979126763,43.16136148203779,28.637733886077005,37.749209880098746,12.255618227977914,14.089957269970178,19.885686951664212,11.656016953971925,85.59603774490716
7.04351609746172,5.945028214422386,17.605899759024815,25.590196480170444,41.08916380535126,28.635554236448545,37.60009162293888,12.095668058801916,14.228102555998285,20.749836116950302,11.116000018134182,85.52593561015311
7.217784502406732,5.995759947596502,17.459304819936126,25.46610761449914,42.15640651397034,28.594662335165687,39.3141521133109,12.201849525828903,13.29410282936949,20.70795293508101,12.123672070832235,84.82886199037301
