stoploss,squee,lookback,ema_length,conv,length,lengthMA,lengthSignal,fast,slow,signal,net_profit
30.053885432756196,4.856909106559524,14.10660857093398,18.666461827543614,60.050496113867794,19.82695096517355,31.657949409028124,9.852050521431787,15.207565710126588,26.10001718823541,14.817529875287848,252.2999999999999
35.13075472956204,5.495034950551921,10.224185852666645,23.694925506386664,55.32935327662687,19.32106636744188,26.071287241897593,11.073038379005476,11.658559001232991,23.0514379299276,11.417295240150933,247.14999999999998
30.981567337971857,4.886856374448534,14.019303428837313,17.615323810237435,60.598178252302894,19.66541680174727,32.81125373028329,10.05191656086035,14.801852393061761,26.725516571064883,15.396725270202715,246.29999999999995
29.93460362724234,5.000451838486569,10.460416406889687,21.864995809223796,61.06083063453529,19.59251014887172,26.106121981248954,10.598999561509263,12.279066123573923,23.157367421541107,15.265860854096003,242.89999999999998
39.94210784747685,5.4530192312339025,10.592916779896708,24.033357733080113,55.10608633053253,19.086942924916638,25.716960153078702,10.836907197291033,11.366084186743151,25.78649649175185,10.93280151584883,242.74999999999994
