stoploss,squee,lookback,ema_length,conv,length,lengthMA,lengthSignal,fast,slow,signal,net_profit
46.216764592973995,4.6220022664975575,11.606522749244382,14.781391779664956,65.50130807658839,21.129275323400655,31.478863053432853,14.103940956850314,17.274662488975103,20.831575276866907,13.310094220479115,324.85
48.67277797460632,4.448979698454906,11.950607115115478,14.833550795777326,65.31751082648451,21.574187161406144,32.15920659486014,14.722958726327903,17.99462721609941,19.43145844881103,14.092467981954828,324.85
49.90659125301119,4.401292317804775,11.781305049976107,14.721576038633808,65.05537399660454,21.66231374721611,31.6584011915926,14.953977794988843,16.82391834462205,18.00486214996674,14.232522496412404,324.85
48.173872161846376,4.396959121836901,11.84024125479247,14.839661558593196,64.13305657744208,21.150706211837498,31.04519083995322,14.976042191162266,16.92432003071734,18.19273792024207,14.282140857244634,324.85
46.465405590824425,4.587212432990983,11.764876594212463,14.758427793591453,65.235948998415,21.722047356814354,31.122130309409496,14.157728068523147,16.841397468739892,18.2828705231223,14.091923330104132,324.85
