stoploss,squee,lookback,ema_length,conv,length,lengthMA,lengthSignal,fast,slow,signal,net_profit
14.407335095218038,3.9272582976983688,18.665352651671558,26.989291617395494,61.349406979100664,27.28440388647414,37.41132345136672,12.408195699452078,8.184279555309084,29.71583598220344,17.237451921002865,5409.45464376203
15.447019474670448,4.128271148892063,18.80862988692767,26.99107588641839,58.633921852159176,27.20778639848551,39.39583529189131,9.345596477489932,8.33530076578535,25.141045864761605,18.623506230191474,5395.938746829255
14.226435495932991,3.794843234129599,18.99055501146668,26.999107898170227,63.52045619990818,27.081427964358653,37.91705041366789,11.181162610830935,8.785160168678697,31.361397844074393,16.860776327649578,5395.032774048828
14.237875117214385,3.848511995110479,18.417547764498085,26.99053866152436,62.188919931507044,27.36613215294801,37.780867619735915,11.525617215167708,8.53461854527613,30.377889122539646,16.695443008293527,5394.895498593367
14.241449701636816,3.8567921683506365,18.9993292394421,26.993410190556574,62.19409572284376,27.91201092726314,37.66400688537905,11.25786049346844,8.180609668642374,29.915956876357306,17.13838523391815,5394.852603580308
