stoploss,squee,lookback,ema_length,conv,length,lengthMA,lengthSignal,fast,slow,signal,net_profit
48.036965948537265,4.93587362789848,10.336481453439795,14.231743263000721,63.1084523084601,19.86064878486238,32.866534202038615,13.557325249491514,16.9054292118391,27.53621399515863,16.769017867958862,1327.1933745660963
48.08741844225438,4.7618613124072,10.957254079735703,14.396628587543319,61.2777371296012,19.038880435301255,33.069558334972356,13.952511241806292,16.79623468428874,27.722861818574657,16.912197378741155,1326.6383971352006
48.13227324268047,4.991312607407835,10.107416271351866,14.220635587134495,62.97197323187424,19.543402904928087,33.0254194592311,13.693650274115141,16.807498052122945,27.70205116425004,16.724826307970957,1326.1449943305142
48.21185919404755,5.058966669847351,10.163057771221897,14.242292103513881,63.083807391868135,19.470961515048774,33.14003107516561,13.414678888401722,16.667905706104303,27.320271214218952,16.841462585838137,1325.2695488654736
48.02158477426924,4.859051332361074,10.860401458500931,14.24720472379163,59.67944848912465,19.75543639747095,33.12084258302758,12.917650953088522,16.073126032331185,27.649631651086988,16.651887750121904,1325.0409827087697
