stoploss,squee,lookback,ema_length,conv,length,lengthMA,lengthSignal,fast,slow,signal,net_profit
38.196867523107116,5.99670145111931,9.667208940692568,14.148855748908888,65.97349819097984,26.975606867535152,38.595563035132216,10.17424358541289,15.570405752565172,18.024246170078555,14.59677527408438,1450.1001196302905
38.229620236086895,5.902144527235795,9.776909774550605,14.196038308375607,65.98945490700092,26.982918307611076,38.56633882698372,10.307213817364802,16.133476074171273,18.019034758316472,14.501431134428639,1449.5760762226137
37.107665219841756,5.767614860902407,9.727975471797837,14.233376238415781,65.98210478106546,26.860735232540158,38.456701093158934,10.39790111751819,15.752232450318758,18.468575998504562,14.169788191409554,1442.5273564825338
38.802408111668015,5.795654740082015,9.844731026128137,14.196147633516087,65.9886961060617,26.887896408935006,38.59325667138178,10.111463532661979,16.107860527412672,18.0132746762707,14.067995069515081,1440.4114702133093
37.28239519486676,5.815047192817548,9.015325582194182,14.236587901338645,65.96891934626308,26.257810452284993,38.201194311847814,10.175257718771215,15.750285575570024,18.182680861728027,15.59223037994376,1439.7316768821338
