stoploss,squee,lookback,ema_length,conv,length,lengthMA,lengthSignal,fast,slow,signal,net_profit
29.00185802322827,5.479806533881176,12.145401295824348,26.75844557672333,59.241305185480975,22.832149650463656,33.17380321679057,10.630277865481476,15.275483600264131,29.849284705658494,14.96605692475427,803.3314197677166
21.519465397788593,5.305540774947654,13.164124124843509,26.51406993790037,45.37228602716561,23.78520927599984,37.698527419330965,8.785089941002788,17.105449842361576,27.64975052588629,10.505977986030214,767.2164152265382
23.742569994166367,5.478796360025775,10.76941949168959,26.998637756610247,45.91811145252571,20.870198549084876,36.741949163183854,6.001684755448601,13.08933984275563,29.242655708751983,15.35126974976003,748.7520100408353
22.702876096332275,3.6602625489583396,10.663512396993912,22.465245539495896,44.501421737593034,23.399733961677796,34.50081647028136,10.947248970862324,15.49872545650699,29.951569737858605,9.661253548670224,733.8741151330087
20.400684703291258,4.705114048695315,14.29276620180043,26.025722542726317,55.92580110060071,19.113110571765446,31.136850821039985,6.638354654457138,16.77694175822439,27.04397642697523,10.334470486814705,678.8452070769611
