stoploss,squee,lookback,ema_length,conv,length,lengthMA,lengthSignal,fast,slow,signal,net_profit
30.79295440118716,5.636545259328116,10.687919389687146,20.246978415794807,41.204830559089,27.931580156078724,38.36361131787568,14.342621367532356,11.880613773338043,20.155326132253386,12.628545375717442,1661.7838663774464
30.832356937764434,5.620489887718785,10.49494702310094,20.427419723578343,41.22695440343967,27.82382357832572,38.223501635059336,14.710723305909307,11.192471740743146,20.432079644421435,11.88654150754432,1661.0352181824765
30.878621560771965,5.747855063399634,10.713491374831065,20.574948892729328,40.8977693683416,27.41599735996366,38.57781656214805,14.510102373932337,11.562608578767586,18.594339498873197,13.006640335399881,1642.1275687845646
31.38316877669488,5.835952367400326,10.55102842539764,20.204935311876497,41.17350826978406,27.901173669187003,38.50384833297036,14.579888818329254,11.10944710815659,20.723213744223923,11.431559457391641,1630.7866244661036
31.576784656972514,5.636675522021384,10.720203952547685,20.56013518747139,41.953736025432335,27.179366196420496,38.95240652884488,14.98988621130527,11.325900274593213,18.430473467365058,12.850789813784049,1628.1643068605517
