stoploss,squee,lookback,ema_length,conv,length,lengthMA,lengthSignal,fast,slow,signal,net_profit
35.59349180386744,1.804599650655985,12.68757872356805,15.780987568313325,62.47430731822724,27.289220051707385,26.623290405362397,8.631521698359284,10.078629522571871,30.717573352763033,12.25090954704074,585.6260327845312
36.06894578073464,1.7298934182924464,12.074743908549951,15.723143473422768,64.55142226008829,27.193234272690404,26.607712060593602,8.206182506144698,10.505446331496017,30.732384563993133,13.468277935394743,583.7242168770617
36.63962704358339,1.738366301173244,12.706853203948242,15.678483323199552,64.4635441958655,27.6685033584857,26.38394670109142,8.712797728191418,10.101281790885485,30.890387844486064,13.077947601671411,581.4414918256671
36.86532351944767,1.7495194417813682,12.18029351578622,15.629284268379303,63.1572510908008,27.195754893385782,26.725333811316915,8.795724399914809,10.969386172552625,30.388171924076417,13.529833657893851,580.5387059222094
37.664765840421886,1.7132449371828549,12.144465933870427,15.725306185943916,64.73611383801403,27.44435648404701,26.556817576780546,8.496241925585444,10.671203570685789,29.552638340981098,13.564779704310855,577.3409366383139
