stoploss,squee,lookback,ema_length,conv,length,lengthMA,lengthSignal,fast,slow,signal,net_profit
12.479606169587576,1.162402493103271,17.424274452867945,19.405381920075776,46.57469050895837,27.06033716357488,34.49239017905232,9.943535854126658,14.186774141654373,23.33751724279414,17.055286531614453,66.97039383041238
12.952973272444186,1.092592668073248,18.22567191674295,18.27154365159812,49.02257365989098,27.021468345605733,32.028774973136116,8.293969284193917,15.92887845986351,24.960345686617632,14.311769540861663,66.49702672755578
12.995178754137735,1.0973094601819404,18.52501799047565,18.78022255829331,48.02904891704798,27.999175291794796,33.83073050858113,10.338878729569085,13.744003292280816,24.914945712041998,17.249306445031507,66.25482124586223
13.705781892855263,1.0986641601698979,18.286612636158505,18.322941421878422,48.04765184840915,27.762942038131534,34.2940798075891,9.84836233037665,14.186492488055748,22.817735108320672,15.882933585320314,65.74421810714469
14.292842718302992,1.08151366490576,18.022389918335666,18.55112499548891,47.370265696778105,27.470884094603804,33.87087926185074,9.44728767214129,14.110295649942868,24.43093201197117,16.069518115241777,65.15715728169697
