stoploss,squee,lookback,ema_length,conv,length,lengthMA,lengthSignal,fast,slow,signal,net_profit
12.436170690016795,2.2418033600644147,17.644530231837617,24.818666913509112,60.26645029376432,28.636358086072732,27.787548457073775,13.875710324841707,17.18092217143206,30.86492777063132,18.064902391616194,326.2712689597315
12.772513310322934,2.587395606716652,17.619344471220902,24.64058371076835,58.71937290564981,28.27352995142342,25.489770493544416,11.31790480190266,16.52591028412046,28.463190307754886,18.12026544084478,323.4397870348332
15.281092619384932,2.1516865174348934,16.884704206451627,25.463142603162858,62.560288687485745,27.370216631111184,25.947743393030468,14.207064268364379,17.359983090493113,31.10314003538832,17.558760475178868,321.5768885673799
14.132954285149502,2.020143024342517,17.92884468194802,25.42843462664885,63.78342436705969,27.489444603543973,27.58071377884383,14.62954074890803,17.28483716438886,30.227872913015318,16.569498098244008,320.68750286335535
15.112528600940712,2.1423697559787223,17.574498464359586,24.524269802617745,64.60304459654152,27.641498328972038,27.157450393529125,10.175748864549172,16.794666510893453,30.767044603513806,18.410949010278685,317.16218538965086
