stoploss,squee,lookback,ema_length,conv,length,lengthMA,lengthSignal,fast,slow,signal,net_profit
24.12270149994332,2.72829547622276,18.729741159767404,26.98686473170692,56.73219215352933,28.61161120105825,38.361733037209206,14.426149936999924,17.998537873102297,27.250417638808102,8.708644639340505,274.6272985000568
24.458686948714032,2.5078417181333426,18.35188259434122,26.991471176251697,51.05987290468277,28.98760604775112,38.620185799237944,14.830595497306883,17.996871645285992,26.63929940218373,10.642028712379608,274.5413130512861
25.53577649153351,2.74118422453769,18.050326142314226,26.99142555102435,52.57559973846442,28.978671613690814,37.69595577718191,14.3934493304462,17.995016189745144,26.55673342531107,10.712414367860351,273.2142235084666
26.489327412644975,2.5806688937228053,18.196621990452993,26.98696067216463,51.259194053036055,28.357343738037002,37.60688779948088,14.343542764830529,17.993804528524805,26.854504879147218,10.75186624217412,272.5106725873551
23.820675415107186,2.551429092394719,18.038149578983678,26.997516907606563,50.43176871221684,28.624931721279207,37.83883301034308,14.684867477989092,17.75315252320813,26.194014581636168,10.867855919938204,272.0793245848929
