stoploss,squee,lookback,ema_length,conv,length,lengthMA,lengthSignal,fast,slow,signal,net_profit
43.56328349947455,2.5894563771332364,18.978774762277506,16.70609080452659,58.23790074602949,20.677820712754627,37.67396372515205,11.28141963709053,8.453249964504375,20.767015800731404,11.839526429393127,78.34999999999997
43.8525577654364,3.927496980102427,18.17368965353616,16.64224648037587,59.874214390333655,20.149561435060807,37.569107487952266,11.075582419929514,8.037614553970725,23.954485105779963,10.46412384225638,78.34999999999997
42.797430023419054,3.604935939967327,18.535741793260303,16.67305523611977,62.05578036738974,19.96549229728046,38.288098446100676,11.26584421004408,8.135996850736392,21.989033314150184,10.883724438276394,78.34999999999997
44.028991786202546,2.5277859329647847,18.981670691354687,16.49144596103253,57.85526425680429,20.962605596780882,37.25464496825452,11.365518167295683,8.60482571264517,24.598163313388714,12.204154684666447,78.34999999999997
47.76509979672751,3.8915015400568365,18.522627616192736,16.66818456032963,58.37951089930111,20.675312914391704,37.5765222913273,11.04449125825047,8.54254213804121,25.33265044464794,9.392906028510927,78.34999999999997
