stoploss,squee,lookback,ema_length,conv,length,lengthMA,lengthSignal,fast,slow,signal,net_profit
28.962435348312585,5.726034607267068,10.304685908858596,16.048683926049392,59.56519606056612,16.7005453606917,37.45624052316498,8.20442236586297,11.861410862708114,24.318889311785025,12.38325047261528,148.5
34.78493124103594,4.684430345391318,10.100767363939529,16.29301028632056,58.24456539048467,17.963591202779625,37.02143225357103,8.283793167140999,11.533676942029723,24.319088782246816,14.5014169158244,148.5
34.36370812873523,4.755561154065078,10.220495728063165,16.29635833808545,58.22449962065706,17.490368549576303,37.150380026990405,8.58311239765787,11.518567140007457,23.818503881570837,14.5507756278579,148.5
38.189124073612696,4.654381670180395,10.29085457829207,16.087622806319633,58.632823173218256,17.135096913132674,36.980200832443956,8.662689460097017,12.292140685566673,23.700158447076383,15.315744652754656,148.5
42.71360823691671,4.987440724071309,10.0718750735237,16.248427185029993,58.263379993271,17.630688483862823,37.37820592524584,8.65090849452051,12.49589183352317,24.900781659659334,15.782519676158707,148.5
