stoploss,squee,lookback,ema_length,conv,length,lengthMA,lengthSignal,fast,slow,signal,net_profit
39.98954293847391,5.995155150484643,17.68450025556858,19.87794623647464,64.6991061980162,28.626490328926792,25.620680496769676,6.255010703428544,9.586408988563283,18.691855964957412,8.375711562152025,614.1045706152627
40.025511016252295,5.99707176382605,17.50172709586374,19.883587641319984,65.30915778697373,28.347041604207483,26.132844519683445,6.868715393348802,9.351521357196836,18.24068180819953,8.566721280063494,613.7448898374751
40.04316573035944,5.913684294917771,17.866734932459273,20.049534362387,64.50938016154606,28.620879470254362,25.946399752539534,6.182878455608403,9.83729759699657,18.003321905824638,8.525121779175096,613.1683426964073
43.01424702115348,5.905799162916453,17.797152324337706,19.856822491714322,64.50944695329925,28.553432101114172,25.88885075760323,6.164698209383646,10.099608794568441,18.016555752484546,8.205077516425652,613.0932827673109
40.123367303152726,5.914628867011651,17.821792852707087,19.918519674157835,65.47565748541702,28.606190322630866,25.254384696855176,6.689350201838205,10.308135351084688,18.00191439732061,8.762017681778454,612.7663269684708
