stoploss,squee,lookback,ema_length,conv,length,lengthMA,lengthSignal,fast,slow,signal,net_profit
49.958887400158574,2.9982510279504093,9.003980578061608,23.41324298901459,58.92197017492726,28.652530120305798,33.14005244383365,9.333398584046332,14.312259975182805,18.233633255554963,17.94177534420765,825.2344637979413
49.98389206997649,2.9330998884991,9.001749756988874,23.404386234337704,59.45240326766772,28.60224489459532,33.224228607371295,9.293680913167998,14.81228344156464,18.977637619587107,17.602125757990812,824.9094030903025
49.984781396860626,3.001063630564465,9.00325004459481,23.43438323565325,58.94196201537495,28.993141773067308,33.1228531788747,9.511973144301663,14.028502066988578,19.1882866898398,18.012141213182122,824.8978418408087
49.98499281649607,2.873768241035568,9.009606252322467,23.420448500259027,59.637880973526705,28.326885522418664,33.2781012062864,9.099082701573264,14.731065828046855,18.72752458416075,17.726483320359037,824.895093385554
49.99925583779178,2.9001604785777855,9.009965840531414,23.434018696142893,58.482305361689235,28.998148829266338,33.47122510364254,9.384102070260628,14.53621949526455,19.025490396307262,17.764122224276136,824.709674108708
