stoploss,squee,lookback,ema_length,conv,length,lengthMA,lengthSignal,fast,slow,signal,net_profit
42.38397346039157,5.907943559391794,16.067897921777377,14.0018247719036,63.86475212135129,24.69485910280744,31.229495915302845,9.938484097459593,17.18945293719768,28.78041851280864,17.463406780846455,847.4461592376501
41.80431593999633,5.996986298219999,16.156432142222872,14.009949868778014,64.47983803153092,24.94992975411186,31.632841874224624,9.84326754392617,16.899197988652514,28.57268215986275,17.505498651974047,846.6741043600218
41.84672507519915,5.823395784934559,16.20889451150487,14.00238327368764,64.86956260526777,24.442436024789735,31.212736722040358,9.600515154142466,17.282105951128216,29.54712324931458,16.91116770323481,846.419649548805
41.9101613538407,5.9994963992623775,16.016199830501954,14.008138079788019,64.39908469483386,24.877680232936132,31.366452175705046,9.558441504214143,17.173450047712006,28.655881094979975,17.404579464376422,846.0390318769553
41.963192572194046,5.906194058573682,16.06666954200484,14.000981141158288,64.8525171480928,24.216203268536006,31.3545350951554,9.94690085550807,17.487311968186024,28.731826990120794,17.079107582727335,845.7208445668359
