stoploss,squee,lookback,ema_length,conv,length,lengthMA,lengthSignal,fast,slow,signal,net_profit
27.340496778698462,3.353010842385807,18.350389328218974,14.015294488643338,52.68697157986913,28.563122148945393,36.63800774369422,7.89020961075079,17.806584805565567,18.25125885516326,16.822972289783298,791.3355289917135
28.7378393406807,3.3635561814529353,18.03947768226506,14.27144514194008,52.373523001852156,28.973927182052236,37.38006989697477,7.949930705145445,17.837886323516237,18.030369589239758,16.82962812915233,787.8594459338735
27.75185606900136,3.373322804601816,18.295350897142377,14.003206941054884,52.35537657056767,28.99681363742015,36.83188930969636,7.976476247876206,17.86047432447605,18.02715720234578,16.66049299923186,787.6332953789872
28.789070061556075,3.3385394854004193,18.346797193242445,14.18851816262912,52.33699202333583,28.990010572835768,37.537518955606004,7.86399953171282,17.988866049482393,18.612151924649982,16.91193870680882,787.3983694459956
28.87170517174493,3.380881958977634,18.208358429271666,14.288790345313767,52.30444649166314,28.996458552998423,36.9314494818496,7.910791849906431,17.98640524462738,18.902136162120573,16.81629232257261,786.6546534542956
