stoploss,squee,lookback,ema_length,conv,length,lengthMA,lengthSignal,fast,slow,signal,net_profit
46.67291001917032,5.210374881788084,12.52954804682554,25.352122471077813,54.7706837894324,20.820744641185605,32.95393596270697,11.362756387500886,10.596121522677453,25.48264959144628,15.002340965126685,383.0999999999999
46.52812016480513,5.362440157145033,12.495804200286036,24.801375736209852,54.570648665435414,21.414392779827732,32.30727401323664,10.93616277945273,11.211810229353427,28.43731138161607,12.307586362930948,382.5718798351945
46.090119378184596,5.2969127961892335,12.427543154801247,26.049315593146005,53.29858614560289,22.042253478782595,33.89228747810539,11.135768419568304,9.49940549292262,29.438055775862573,16.550377939871822,382.3098806218152
47.173402998734005,5.329773701423701,12.327037552435677,25.293758787635443,56.22416070801364,21.85076932981598,32.43473187471856,11.02679232156316,11.910091583757943,29.137215027703345,16.23950542559475,381.9265970012657
47.84704497872743,5.345726229061878,12.222055023598772,25.6940000932291,53.05266864672479,21.57721986524999,32.9997640824396,11.180040228767654,9.571114759944098,25.29872900618743,16.36450702057568,380.5529550212725
