stoploss,squee,lookback,ema_length,conv,length,lengthMA,lengthSignal,fast,slow,signal,net_profit
37.44468389908244,3.7759253550182565,9.009350170240998,15.405408076012883,54.32097538760966,28.977475419631393,32.323413642980896,11.770884101407173,17.97949825206514,28.471377117250583,11.296398671058242,1395.151005917433
36.79247518508616,3.837101087699151,9.00111541834468,15.491124951708178,53.722840650838116,28.991049813513662,32.27211041738347,11.223075095575338,17.183175661793754,28.767868034847794,11.002919137504893,1381.992971483367
37.22692655994405,3.9060515116642676,9.32155099543346,15.490664750835071,53.992509679146,28.376194501485624,32.39085561772232,11.21843576003104,17.682419179625274,29.814755674837148,11.121123645617294,1375.488395361061
36.5594799635637,3.920397186201127,9.433490793518532,15.486500145188261,54.42892902914871,28.345375954691022,32.40737626839251,11.464522154625973,17.619810102724244,26.955975908213546,11.29070582718018,1374.2198806922902
36.75113288910815,3.8214941237847477,9.690362828495147,15.55925118510811,55.088843566503805,28.628727148853027,32.4532397474666,11.296798365087541,13.488810876499667,29.33236761797912,11.548135567814015,1371.4284751069504
