,stoploss,squee,lookback,ema_length,conv,length,lengthMA,lengthSignal,fast,slow,signal,net_profit
0,9.200000000003765,4.04875201797929,15.272345144811828,24.98815231134445,50.02327647213953,26.90921793111606,35.046044508518975,14.126029286081959,10.155693999980274,25.28001986553536,18.979143974357868,308.24999999993815
