,stoploss,squee,lookback,ema_length,conv,length,lengthMA,lengthSignal,fast,slow,signal,net_profit
0,0.0,3.085999621806211,19.280629533761505,13.910271017557623,63.060425689333,21.99113086720341,37.27176531466529,14.95026269026959,10.24306748675249,30.939507581320854,19.5965259458484,256.20000000000437
