,stoploss,squee,lookback,ema_length,conv,length,lengthMA,lengthSignal,fast,slow,signal,net_profit
0,6.0500000000011935,0.9825983480020217,14.988649574832843,29.102426218422412,51.57146106044719,20.28544016877152,36.000275935599824,8.844362903874696,15.690256796851488,31.10337140422937,8.554670213261229,328.1499999999578
