,stoploss,squee,lookback,ema_length,conv,length,lengthMA,lengthSignal,fast,slow,signal,net_profit
0,2.867819302267829,2.1217994473610133,10.017641894388559,14.71551125372973,48.72854452031159,27.000004123854286,33.42531613589617,8.999968750463836,14.867330063808453,31.350465248088145,15.103431042803987,656.8436139546357
