,stoploss,squee,lookback,ema_length,conv,length,lengthMA,lengthSignal,fast,slow,signal,net_profit
0,7.750000000003313,2.768638468944771,17.897924925985034,23.49187188406407,58.36196836199542,20.9189059222931,26.518964704249413,8.681538895933379,18.867353368223355,29.35581378381577,14.692910724174162,239.3499999999549
