,stoploss,squee,lookback,ema_length,conv,length,lengthMA,lengthSignal,fast,slow,signal,net_profit
0,3.896359998326936,4.994198555027399,13.15404569375303,18.10147371903973,45.138965002332554,25.000000044527134,29.053903147523165,15.051131764613388,15.951115054120297,24.253597694740662,11.056768721127348,250.91552003013567
