,stoploss,squee,lookback,ema_length,conv,length,lengthMA,lengthSignal,fast,slow,signal,net_profit
0,0.7500000000041012,2.884409410661731,13.85375114225992,22.934262532716424,56.4970604307303,27.833704206557634,28.445273669862154,7.012322124610565,12.141246891766947,29.933376203331047,9.175685976870206,627.6499999999141
