,stoploss,squee,lookback,ema_length,conv,length,lengthMA,lengthSignal,fast,slow,signal,net_profit
0,2.30000000000814,4.901944573387599,9.722617775278312,15.108587637776406,62.78478864905435,18.996222568657632,28.006845657579895,5.953472061570203,13.26574109331587,22.201631515325992,19.471824536019746,173.5499999998865
