,stoploss,squee,lookback,ema_length,conv,length,lengthMA,lengthSignal,fast,slow,signal,net_profit
0,9.000000000004231,1.0048156971639277,9.209644295260295,18.705515519208284,61.7939443958788,27.359933567730533,25.637251366515947,10.886236242908474,13.046005955203935,27.447851735180024,7.899787062267954,335.24999999994907
