,stoploss,squee,lookback,ema_length,conv,length,lengthMA,lengthSignal,fast,slow,signal,net_profit
0,1.4500000000031619,1.3413653205227818,15.954495217953403,15.683935864793892,49.42355939055771,26.750145606581583,31.291586332957316,9.189824906329113,18.133240059000748,25.70654097919924,16.968369701925656,311.09999999994034
