,stoploss,squee,lookback,ema_length,conv,length,lengthMA,lengthSignal,fast,slow,signal,net_profit
0,3.0,2.2366398761973034,14.304089338657704,15.596988195261993,51.86102534313065,18.616296826747103,35.90160450986782,13.013135748135891,11.121895941103453,34.557145263856185,10.868544119789554,223.60000000000946
