,stoploss,squee,lookback,ema_length,conv,length,lengthMA,lengthSignal,fast,slow,signal,net_profit
0,9.200000000003289,3.0065920971044595,11.0113822157996,19.00251902187503,65.02745583690678,20.0299238384301,37.03619972780503,5.986385613728227,9.17734272487747,19.051694214047867,19.019146165350914,327.74999999993815
