,stoploss,squee,lookback,ema_length,conv,length,lengthMA,lengthSignal,fast,slow,signal,net_profit
0,9.550000000003141,5.210704341258669,20.019389988582056,26.016209283334973,46.44480180980345,22.295338066595008,29.94433195598647,5.984453195375759,12.39368754923198,23.568722174531043,10.578549367906788,371.599999999944
