,stoploss,squee,lookback,ema_length,conv,length,lengthMA,lengthSignal,fast,slow,signal,net_profit
0,6.0500000000012815,4.083252799987402,18.180507714680896,24.427972072503124,46.22328580791924,16.2911946933364,36.5355276705086,9.144092233542612,11.115801675953218,23.1521283067756,13.116360081068915,273.5999999999585
