,stoploss,squee,lookback,ema_length,conv,length,lengthMA,lengthSignal,fast,slow,signal,net_profit
0,0.8567558290544273,2.0437622697135005,14.934042063825746,23.969283863749034,52.0,23.997525008290793,26.499459834633683,13.999994725454446,9.349242725097248,27.39642602018464,14.83021918643244,345.4756858803812
