,stoploss,squee,lookback,ema_length,conv,length,lengthMA,lengthSignal,fast,slow,signal,net_profit
0,6.050000000077796,3.230301136052433,15.435170202396787,19.71646171939129,49.922684439603835,17.957006975929175,39.9308326164881,8.582990249622695,10.532515698889256,29.317947814758107,16.50765444273307,315.3499999992928
