,stoploss,squee,lookback,ema_length,conv,length,lengthMA,lengthSignal,fast,slow,signal,net_profit
0,7.750000000003476,2.020076542966427,15.308878593431142,22.701853366980686,42.78286121533698,24.48333597147858,27.191277436751257,10.12067469496959,9.021593140263484,28.099505993296603,13.924102529147547,241.84999999995125
