,stoploss,squee,lookback,ema_length,conv,length,lengthMA,lengthSignal,fast,slow,signal,net_profit
0,3.4141308852831287,2.981101372789224,11.033174798517095,21.0,52.910893055373535,26.0,36.85748321438659,13.436646823039634,11.19995143346845,21.743331120539636,11.098666604017685,295.6956440649301
