,stoploss,squee,lookback,ema_length,conv,length,lengthMA,lengthSignal,fast,slow,signal,net_profit
0,1.4500000000053268,4.652512159257009,14.937386108478282,25.727791132774648,46.94744724075706,26.83194659833557,33.82225163431316,7.061534183729368,15.502194156044943,27.9778024189226,18.7481503939171,605.7499999999127
