,stoploss,squee,lookback,ema_length,conv,length,lengthMA,lengthSignal,fast,slow,signal,net_profit
0,1.4500000000043232,1.0673938279662867,13.58332829139247,26.3040165742212,49.819946224086564,24.452842204669054,37.548829301163096,13.207356029274372,17.96443011708346,27.56436585382499,12.25342557669429,232.59999999996944
