,stoploss,squee,lookback,ema_length,conv,length,lengthMA,lengthSignal,fast,slow,signal,net_profit
0,9.550000000002555,3.007421202941991,8.691269516678322,27.70047826235877,41.258417036611846,10.36644240123347,41.63272451031813,6.107684766485515,7.734510894505601,32.96556936320993,17.164428859368797,63.84999999999491
