,stoploss,squee,lookback,ema_length,conv,length,lengthMA,lengthSignal,fast,slow,signal,net_profit
0,2.300000000007244,2.071014319243748,13.453588982841058,26.83796573374288,43.94073700464973,26.01059234192494,38.96680196656665,16.58014404428907,13.541690760324295,34.892979060771765,7.97592200380662,399.64999999990323
