,stoploss,squee,lookback,ema_length,conv,length,lengthMA,lengthSignal,fast,slow,signal,net_profit
0,7.0,3.029358178305414,18.43618842715054,23.79781295608688,63.0,9.778860443328567,33.97390262768703,17.577060398876682,14.679504534376704,24.85097488528801,11.854489117403052,77.59999999999854
