,stoploss,squee,lookback,ema_length,conv,length,lengthMA,lengthSignal,fast,slow,signal,net_profit
0,7.7500000000026965,3.0338834441505287,19.213077043236783,14.534381852324255,61.050800904490806,27.03777230421135,35.12518430174046,7.24677162615267,9.003491821238196,28.417779769275143,10.81998492552335,301.1999999999389
