,stoploss,squee,lookback,ema_length,conv,length,lengthMA,lengthSignal,fast,slow,signal,net_profit
0,6.05000000000216,3.044506125221412,15.608308616527621,23.5111649111115,45.4211090584262,9.11372129210139,35.228169855800104,7.094360453064672,8.13389089025791,23.307489822022497,16.74158780595962,103.99999999999272
