,stoploss,squee,lookback,ema_length,conv,length,lengthMA,lengthSignal,fast,slow,signal,net_profit
0,0.6500000001442328,4.219451297844165,16.313724413624705,17.286089154578224,39.3994218305521,19.73587581877811,37.27786047947983,10.61996015007465,10.66457164724445,29.770204520700787,15.0,389.59999999771026
