,stoploss,squee,lookback,ema_length,conv,length,lengthMA,lengthSignal,fast,slow,signal,net_profit
0,3.850000000004907,4.187944256596937,18.34832332175248,26.096641863064374,49.06029722440053,23.53644909029697,37.581132162329006,14.06877263259686,12.62800607969579,24.63469611551221,7.862328034968225,304.7499999999018
