,stoploss,squee,lookback,ema_length,conv,length,lengthMA,lengthSignal,fast,slow,signal,net_profit
0,3.3000000000179335,2.1444934693031668,9.197144158967738,17.999518003860814,47.490864781397896,30.39248001841363,39.85501473507492,7.724128260944346,12.886778726996148,28.998283127411945,7.062270561998536,371.2499999996544
