,stoploss,squee,lookback,ema_length,conv,length,lengthMA,lengthSignal,fast,slow,signal,net_profit
0,0.0,5.0273426019592655,10.992001039618026,22.00059741796296,54.29437950587359,24.094423992055106,29.059032569004998,6.0322224657481165,10.018554047616128,23.042074715872964,18.004090210842534,555.2000000000044
