,stoploss,squee,lookback,ema_length,conv,length,lengthMA,lengthSignal,fast,slow,signal,net_profit
0,1.2968135163649746,1.148410426642001,16.837923848848803,18.83018603587653,43.12070747828549,15.000054074297033,35.6036612686532,16.637851845980656,18.99999984190833,28.116909560701583,11.863762039662532,70.62230538544827
