,stoploss,squee,lookback,ema_length,conv,length,lengthMA,lengthSignal,fast,slow,signal,net_profit
0,2.3000000000054204,1.0114273746063456,9.342963896555839,24.50037161545668,46.456083275948885,22.826310372337574,36.95704636943388,12.411239482739935,16.69429309329847,23.57088088489722,16.340378011082652,295.6499999999287
