,stoploss,squee,lookback,ema_length,conv,length,lengthMA,lengthSignal,fast,slow,signal,net_profit
0,1.8000000000017573,5.286290567773595,10.783975098194604,14.62402977118461,64.61448184444323,29.72391657937638,32.59357373558605,9.045035435036038,12.67524662172165,24.28395011049447,16.009040606331418,252.29999999990105
