,stoploss,squee,lookback,ema_length,conv,length,lengthMA,lengthSignal,fast,slow,signal,net_profit
0,9.200000000003989,4.026178836520831,19.184316512248564,27.173901410419,57.661163525210625,14.139142125182115,35.005520550859444,6.012040565773228,10.880506002383582,24.938276574050438,16.92448931183028,74.89999999997235
