,stoploss,squee,lookback,ema_length,conv,length,lengthMA,lengthSignal,fast,slow,signal,net_profit
0,8.061313423868265,4.918875847499452,18.754416134453287,22.60756939236048,46.288731453652346,10.001870135230426,37.97241680521515,10.99913053260697,17.969183702655343,24.000071906824104,8.535349363868157,181.51605972839752
