,stoploss,squee,lookback,ema_length,conv,length,lengthMA,lengthSignal,fast,slow,signal,net_profit
0,8.449999999999033,5.426445859511307,9.36041740702894,25.81511137206641,51.6092488751678,28.823012281549122,37.612779445485145,9.09347796666766,9.037459358983552,20.771731980805022,16.803132480892543,298.59999999998035
