,stoploss,squee,lookback,ema_length,conv,length,lengthMA,lengthSignal,fast,slow,signal,net_profit
0,0.0,1.0142583336051776,9.87112238952568,25.055149291391956,59.207607190726634,27.870055903581218,30.17841319025598,9.122963948548703,18.0674150056169,19.096288416191953,12.156478947176941,218.60000000000946
