,stoploss,squee,lookback,ema_length,conv,length,lengthMA,lengthSignal,fast,slow,signal,net_profit
0,9.200000000002849,1.0126887149620365,16.051273899101673,27.755833548052827,56.85417160908978,16.3500953268639,33.994660593727644,7.276854315907077,11.762595300947282,24.914450993019628,15.643902188434357,35.299999999977445
