,stoploss,squee,lookback,ema_length,conv,length,lengthMA,lengthSignal,fast,slow,signal,net_profit
0,6.862533632161678,3.0061103189908227,19.000003310517265,25.37030790956996,56.9279461529935,20.00069247521064,37.85415564680578,14.999999083381317,8.354101991593875,21.683685732692712,13.336287720957674,257.32452914975147
