,stoploss,squee,lookback,ema_length,conv,length,lengthMA,lengthSignal,fast,slow,signal,net_profit
0,5.100000000004346,5.171177907297013,16.888986297491087,15.408453686250475,65.65944993293091,26.165837984442373,29.460579898841495,6.617412589294284,11.91376170098896,24.564168087122802,13.891766129395524,589.5499999998356
