,stoploss,squee,lookback,ema_length,conv,length,lengthMA,lengthSignal,fast,slow,signal,net_profit
0,8.63890246130146,1.012255315833777,10.474168485159701,18.896055824158573,62.62734612855793,12.84823721252579,32.469922303995084,8.02034020651302,10.832152557620077,17.8989040449028,10.706801143791779,-0.0
