,stoploss,squee,lookback,ema_length,conv,length,lengthMA,lengthSignal,fast,slow,signal,net_profit
0,5.809908457104676,1.060001527023918,15.1035610520896,27.36405273985062,48.97722055061657,9.99966702540717,32.93641005948197,5.999996633977393,11.794675657912116,24.99999649718335,14.194857125873012,146.57027462868427
