,stoploss,squee,lookback,ema_length,conv,length,lengthMA,lengthSignal,fast,slow,signal,net_profit
0,1.4500000000027415,2.763187966812197,12.654646534434077,23.753182191861168,57.08944203151404,23.0,41.07902642770759,8.09892929915158,12.617370796161117,19.248640693785667,12.13613839424078,386.3499999999476
