,stoploss,squee,lookback,ema_length,conv,length,lengthMA,lengthSignal,fast,slow,signal,net_profit
0,4.200000000002729,2.103278986202196,18.856687578338395,25.601012791707834,38.9636451005923,11.465227361037616,31.53925291462919,7.465195413807086,14.046622958127093,32.518940004399376,17.973018825572858,195.4999999999709
