,stoploss,squee,lookback,ema_length,conv,length,lengthMA,lengthSignal,fast,slow,signal,net_profit
0,1.4500000000042563,5.58249422328422,12.995843729327134,21.375358935752764,54.4697190878788,16.994522226971586,29.516540112003096,12.997285789608387,13.510008348006409,23.530732502123033,15.87403835503778,279.79999999997017
