,stoploss,squee,lookback,ema_length,conv,length,lengthMA,lengthSignal,fast,slow,signal,net_profit
0,4.0,3.788425965042805,16.69884933134334,14.277251627854511,59.883069623981044,9.517491243949841,33.0,12.797104534431895,11.44306733815825,28.989539278149167,11.829918465840137,80.59999999999854
