,stoploss,squee,lookback,ema_length,conv,length,lengthMA,lengthSignal,fast,slow,signal,net_profit
0,0.6500000000043158,1.3607600626022414,9.881016304034333,16.528514374555673,48.83064861454643,24.91812796877482,27.822719399716817,11.947510830386449,8.407391758454256,27.82702567569009,11.714459251922479,390.1999999999316
