,stoploss,squee,lookback,ema_length,conv,length,lengthMA,lengthSignal,fast,slow,signal,net_profit
0,1.4500000000055744,5.48807688966522,18.753581099296476,25.84647613544337,59.712404612542684,27.565442362119285,33.000004184861794,15.947649071712025,13.453817336553067,23.995408635223612,14.022189621947902,256.7499999999309
