,stoploss,squee,lookback,ema_length,conv,length,lengthMA,lengthSignal,fast,slow,signal,net_profit
0,7.750000000003162,1.9966214558574213,9.220577840151865,24.541061324881582,54.582503796220706,27.39427231223954,36.12763721214195,12.111268235388959,9.074422054786355,24.255710685582315,14.01201288797731,266.1499999999505
