,stoploss,squee,lookback,ema_length,conv,length,lengthMA,lengthSignal,fast,slow,signal,net_profit
0,0.6500000000035648,2.1275203940699137,14.085979806272213,17.06319099043411,65.98698550788961,22.996107432434165,39.602751032644974,7.133534618322418,15.971928786342346,21.43279420928027,15.401511135044881,322.24999999994543
