,stoploss,squee,lookback,ema_length,conv,length,lengthMA,lengthSignal,fast,slow,signal,net_profit
0,5.208069309020905,1.819522648211445,14.981090193822775,14.914251324713124,48.90273717310202,24.999999294869482,30.001926459465196,12.455963067258184,16.286698135733015,23.975306271020518,12.712485385194393,177.07896036469174
