,stoploss,squee,lookback,ema_length,conv,length,lengthMA,lengthSignal,fast,slow,signal,net_profit
0,6.5320513229332615,5.056669712235115,16.728542202066578,16.37720738514445,54.968668295302336,20.987816477346893,39.59341625739772,8.11736037880859,11.174548101620669,23.786127926307127,13.368605827777278,493.61923015598586
