,stoploss,squee,lookback,ema_length,conv,length,lengthMA,lengthSignal,fast,slow,signal,net_profit
0,7.750000000002986,2.079772471018513,10.568576854482371,23.460390457169424,46.73523684444954,25.517912134316973,30.30260635041391,6.071729956627597,11.038707711510654,31.800121777417033,15.470945220250888,267.8999999999469
