,stoploss,squee,lookback,ema_length,conv,length,lengthMA,lengthSignal,fast,slow,signal,net_profit
0,0.7500000000042529,5.233248064867935,19.986778592536897,19.478860436470804,52.27019038956822,26.59198103985615,26.496544447513898,13.003360175833098,19.36068676584932,17.985352053545526,8.470984612854519,569.7999999999265
