,stoploss,squee,lookback,ema_length,conv,length,lengthMA,lengthSignal,fast,slow,signal,net_profit
0,0.8343526067388871,4.715754098340765,17.99963555961275,21.471080384564857,56.709618715885526,23.999981446197417,30.725100097100196,12.950850173933343,8.877927586928482,27.000033713201383,18.40116900611158,310.7503582921563
