,stoploss,squee,lookback,ema_length,conv,length,lengthMA,lengthSignal,fast,slow,signal,net_profit
0,7.750000000002007,1.0350897659651843,12.68600047079634,22.398621694040102,62.36120980092288,22.77396824976765,37.31284907766188,7.8641747005426,10.393875797273616,21.790247379003603,15.26851352125177,335.6499999999651
