,stoploss,squee,lookback,ema_length,conv,length,lengthMA,lengthSignal,fast,slow,signal,net_profit
0,1.9500000000031963,2.0191148598263577,14.567345483387939,17.904723030316447,44.42484539026526,8.996158088922321,40.08803410204399,11.021547891113538,8.071910303461047,20.024589687805715,17.09216717607726,107.79999999998836
