,stoploss,squee,lookback,ema_length,conv,length,lengthMA,lengthSignal,fast,slow,signal,net_profit
0,2.3000000000049607,3.972635525325009,11.872870326656946,21.304406898160998,50.3140651279896,23.226593169320115,29.35101122721995,6.490788254880716,16.998887067169164,27.570369851932252,14.905856698393375,364.84999999986394
