,stoploss,squee,lookback,ema_length,conv,length,lengthMA,lengthSignal,fast,slow,signal,net_profit
0,2.300000000007845,3.163806495680327,16.844330564894513,20.23176609576224,61.92588158107537,16.407208425761354,39.01107548772651,9.738136732939752,17.878333703018093,18.42346328840336,12.828837878562023,153.7499999999709
