,stoploss,squee,lookback,ema_length,conv,length,lengthMA,lengthSignal,fast,slow,signal,net_profit
0,6.050000000003763,4.963808196399485,15.941965356625698,23.063848447804762,46.913007568259765,22.67744346768193,33.433602466771134,5.786443990469081,18.3875151320741,21.795774966798533,10.947416773309147,384.8999999999469
