,stoploss,squee,lookback,ema_length,conv,length,lengthMA,lengthSignal,fast,slow,signal,net_profit
0,4.2000000000362245,4.829801980659555,14.912258710327261,22.48050721901152,43.75795202258107,26.08971156493712,30.20254899452698,11.726044707418481,10.129285673817837,16.0,9.206769099593004,626.2499999991778
