stoploss,squee,lookback,ema_length,conv,length,lengthMA,lengthSignal,fast,slow,signal,net_profit
45.02874795233668,4.05940846088803,18.258525242661364,21.209768303125998,71.81858095916179,16.88507851759114,19.223762187506473,11.96788145588675,19.504564977406822,15.251190488680036,19.780956225118803,1499.5307355005864
