stoploss,squee,lookback,ema_length,conv,length,lengthMA,lengthSignal,fast,slow,signal,net_profit
7.330822067715142,5.553457531204853,11.832527643342452,15.831503293241772,48.58485501472962,29.312558508793508,29.372593210797902,14.915113857425547,7.653628874164028,30.38697591556313,6.022815312304519,-50000.0
31.21270647059636,2.444275553578484,22.744224839052304,25.074045444084184,39.20003331268845,18.829504406394882,24.3059665261638,6.85027630403402,15.730230841184824,20.638378909047987,16.13059450966346,-50000.0
18.229289805780706,5.631325401453533,8.023709304928778,24.005418566968295,52.41208882656185,5.319675754360675,28.799665032321236,15.992625581207795,13.458398554398714,35.46059450499509,13.330218303751993,-50000.0
35.44498266913024,5.15245317152974,18.052348372556125,11.773803087498463,71.92367704887542,12.964401491486433,43.112146989314404,11.817112004694087,6.344087664772869,31.146899944187563,23.943723946162823,-50000.0
40.7933397857174,2.555907867188308,20.29626874545082,29.81054936580478,71.87579388319327,10.580945027017675,35.23487445484835,9.16430132764917,12.612626717014162,19.67379181254259,10.431638926575998,-50000.0
