stoploss,squee,lookback,ema_length,conv,length,lengthMA,lengthSignal,fast,slow,signal,net_profit
23.472854984527725,2.850854020347304,13.519872227238597,21.91189864843331,61.75945388672753,15.655810033884894,25.333879622356207,14.157669861607319,8.173817523636247,22.85703656962515,12.827135963185786,-105.98712990717104
10.813685355658563,2.771520641450673,17.188507434140107,21.823745814808245,63.272463466513685,16.227774671927143,25.119764170609045,11.976241137384346,15.442075333550928,23.65675528032035,15.697277972944525,-230.72790962352883
