stoploss,squee,lookback,ema_length,conv,length,lengthMA,lengthSignal,fast,slow,signal,net_profit
35.10527207135949,8.069119119710656,25.114281016752887,15.974707550750832,53.54227011963478,6.608970343096734,49.738250965926646,5.1695055221881905,2.084101673602027,13.076163737901059,7.694172681284806,-50000.0
5.692898790753675,2.744691176526456,24.429141370259774,29.442055113767665,47.72116314773023,28.484860726552796,28.853267910859767,3.6145690841180778,12.050522245894589,35.28716987525513,4.065038799764143,-50000.0
48.35007322445091,2.707160873584794,8.160337484746384,24.13727395430054,58.700676235444405,14.349055378151123,17.204644424912015,17.94486535639782,7.5508476150880535,12.748570769739766,12.459262438313012,-50000.0
38.513463019515385,0.5010124734439247,8.945384964934235,29.023901330087945,49.84694735229738,26.631512535135133,23.42576492015178,5.656621290079176,17.65953069043232,17.542346296981854,2.294754045952557,-50000.0
43.78220178074944,1.9009261875887629,6.568819689011288,18.413213603020132,29.585442554014513,11.95896261414238,38.81679430590489,13.770012845007894,10.337058951570844,14.58007060941604,16.952511166997404,-50000.0
