stoploss,squee,lookback,ema_length,conv,length,lengthMA,lengthSignal,fast,slow,signal,net_profit
33.43022596518619,4.423773289303739,22.526197058194462,25.751716314464296,70.42813057408597,20.969646075877485,29.781898631455476,20.927936221276163,11.609200621023831,25.189693893885647,16.33779528378438,-50000.0
3.030947270047113,2.2050614540456857,10.143835843593866,13.143686036551408,37.97441428727205,10.50202468014897,33.83791782450401,20.394674965562892,7.224848462165451,21.613128415772195,5.0989945597891575,-50000.0
0.8329525908990387,5.98069464441997,10.468880770739228,26.527469852972516,35.99977296691267,11.652743062733371,23.140078065056816,13.354204722028925,20.106632529299823,17.605425549652953,15.66301437384577,-50000.0
43.52252121173932,3.510177401424128,20.08020190832337,28.533895537505938,71.3923941464095,17.037546073896984,30.252584152436253,7.868966494603886,8.770364617886745,17.40381759984443,7.401668093580993,-50000.0
47.766497249245774,5.179782064018412,18.15353478055958,28.311996143281114,43.5166165212502,21.014581505081296,32.44168004490493,12.886184803381937,13.634985211599377,35.33100046221752,13.027097649086071,-50000.0
