stoploss,squee,lookback,ema_length,conv,length,lengthMA,lengthSignal,fast,slow,signal,net_profit
23.627066221793264,2.7588704217374884,18.63735827633731,19.699836408404593,36.06365109566937,7.25144231578322,21.084933147158377,19.70274118524187,16.301738106645455,16.03613792480032,20.399335152674272,838.518801334616
17.877758292351754,3.7493510889709505,18.41073910513302,26.030838879410254,43.43578963059254,14.196355604198452,40.919648789025544,9.469513412833148,13.223278083612058,31.51109828907007,16.592259270155793,371.26991163376806
