stoploss,squee,lookback,ema_length,conv,length,lengthMA,lengthSignal,fast,slow,signal,net_profit
23.876359668924458,4.937729857870821,22.97996540975961,13.386819906628292,35.43985243391401,32.12625682967809,20.21244554788644,3.6568624908683995,11.407577522807255,23.587238323886652,18.084110888730564,857.929194939512
5.800141514242735,4.242809454247199,8.478196429209532,15.965485398785146,57.060687013026275,24.821973559104034,23.794336136742615,3.189184132886322,5.388434930423634,26.18744713697675,15.600561831785827,-3115.8188479003366
