stoploss,squee,lookback,ema_length,conv,length,lengthMA,lengthSignal,fast,slow,signal,net_profit
3.0688741535723096,5.190194158895927,14.365766958830328,19.445618202655886,55.83579297912965,9.344278049338474,29.74399050334585,6.3199100492064515,10.926392200204344,27.693759900811077,18.611310911086107,-28.06324492143176
33.31945380306669,5.224930021986026,18.482999919748103,22.512458396272333,59.185488174478415,28.652374240166353,32.22689857523632,10.077762099823195,17.792361229180184,18.0738094226314,13.76794468564094,-2721.6083614091986
