stoploss,squee,lookback,ema_length,conv,length,lengthMA,lengthSignal,fast,slow,signal,net_profit
41.11279891492815,4.649936997376779,19.155248635859987,33.84099034256235,40.66465043747928,38.068189678314205,35.47462574984148,23.69697221553568,26.05414442993926,11.059573315134843,6.363020616154781,-50000.0
41.39115347878734,5.702587547685748,5.924241251399935,9.208644388224508,58.36804330466086,2.889051850251934,36.000729681083996,15.152233725231076,6.040597894085843,37.36542693915685,21.02033274042743,-50000.0
23.385270416631382,2.1428241145818863,24.88402514724859,15.19183555179278,33.043023879639925,24.29859065106909,42.78928962221703,24.55372102842611,12.213330982700148,32.656357668032946,9.37795456940826,-50000.0
44.810240683362444,4.352076428509287,23.20406369581882,26.26282293918227,49.38146383326024,23.12773233809858,43.69055101257956,4.953322702774507,5.6188999588185,12.870333748315279,18.12415802860762,-50000.0
26.658066354958166,3.0682072373504212,22.050509101503312,11.473534518437349,59.62070947919686,33.07695562729149,45.58799630703791,24.069892571827953,21.78324685099735,23.468405014854977,9.201381514840199,-50000.0
