stoploss,squee,lookback,ema_length,conv,length,lengthMA,lengthSignal,fast,slow,signal,net_profit
3.8940505097119607,5.666387027098915,19.93097004969292,14.031737689241089,61.348163453759284,23.214349423572813,36.827492367182444,18.85742705053864,13.768309495490703,19.26950475292567,21.898215997105464,-50000.0
30.67935274202947,2.6699196287375373,8.850731909210765,19.852210873828326,44.70359795815249,17.737154211057685,35.16855930655294,9.301604239287315,21.68111417366053,26.93289900726832,23.313443677706374,-50000.0
3.5378803190759367,5.661407703343356,19.328304609264578,15.379362416666199,51.642801714277496,5.546879011354249,24.146361817145483,17.276280887564774,11.91864213770289,30.361358960988913,20.253440165584685,-50000.0
9.887848468353312,3.1477252189890885,21.682337329958102,16.517234847286318,41.06959685140538,13.479903177053297,36.569025634773226,5.050609206015787,16.288321264726704,16.524751777980942,12.713170380392823,-50000.0
7.277594794777487,2.1007319721933917,20.716067781202504,26.234380377883106,57.61320609349272,26.934694356318168,22.17798046818282,19.22664814567804,11.421878657008547,14.764770283592844,9.218552409549204,-50000.0
