stoploss,squee,lookback,ema_length,conv,length,lengthMA,lengthSignal,fast,slow,signal,net_profit
48.847814465983845,9.749194445280562,16.03270953713107,12.404870992951125,48.897745960707546,10.62293750122258,44.69194329715273,12.088989423155747,12.518923412267625,27.649915593655027,3.8125731497652255,1250.888355502745
