stoploss,squee,lookback,ema_length,conv,length,lengthMA,lengthSignal,fast,slow,signal,net_profit
19.535487761305042,6.050509617401482,10.359252765585119,10.938032157271167,31.70019936028714,10.480077598234706,49.25735995450094,4.3194304919141,18.003265236019264,19.719759678723964,4.331224824429966,-50000.0
20.825687225862655,2.450172479437698,17.362634445322012,26.654133983889686,45.2590411690385,34.93997806445884,34.20979392873609,11.32573977400287,20.29549170451046,15.48359612003346,18.479054899530574,-50000.0
35.880866552543175,2.6392937090403787,14.597572825323642,13.282117142283372,28.19071073696867,26.185603156856814,36.92860424509517,13.651063593612099,4.887848450366967,38.53584302791222,3.239176284368229,-50000.0
14.041086766231592,1.7544872798294187,21.4944519784431,17.90732393800845,37.590026867769865,25.97007473446848,20.721518339055915,24.252100871175884,23.428392225796813,13.57330798479705,5.721950979459818,-50000.0
46.05093539462741,8.14292001468074,7.858750833489193,33.13552708190733,38.228215289773466,32.53495458014497,31.050617954135507,6.443233766031969,22.820350218945464,35.784987112676475,24.10194711423997,-50000.0
