stoploss,squee,lookback,ema_length,conv,length,lengthMA,lengthSignal,fast,slow,signal,net_profit
15.944511931793508,1.1756972035327287,11.567653588675935,26.100338474112426,45.027322581655866,17.40824777278184,30.509821143411216,8.709431929454636,8.026655403288462,21.76151192667399,12.808805853056402,15.055488068202976
7.613041130023501,5.43508770439155,14.579132712959392,16.609013771426252,53.443120326400845,22.473263335986296,27.497801124666253,10.977801705247389,8.948356367638896,18.74395168622791,12.508804466720783,-282.57386373053305
