stoploss,squee,lookback,ema_length,conv,length,lengthMA,lengthSignal,fast,slow,signal,net_profit
10.822170762748945,3.8744074519862997,15.014412935707508,19.394910555200816,58.94513684421872,15.654213895214106,27.15396420720561,10.845606273450379,11.726993521505683,19.256809150231796,15.994586561275877,196.49480466076056
38.259671794825735,3.9369296486632956,12.011483627389163,19.56496733026056,59.68398353060022,22.690026174504112,37.74891846050889,6.93887824108041,15.869897851845604,31.011112249163528,12.03599049432149,21.295251282797835
