stoploss,squee,lookback,ema_length,conv,length,lengthMA,lengthSignal,fast,slow,signal,net_profit
21.536561725812653,3.154307480445566,20.216275458419723,11.588367929122331,70.96564605942244,9.226067723469612,33.43264225479537,2.054227655390301,5.5012165630787795,24.261641916966624,23.966689409281805,511.65375309673254
