stoploss,squee,lookback,ema_length,conv,length,lengthMA,lengthSignal,fast,slow,signal,net_profit
3.252579649263976,1.7052412368729153,19.810364221551062,16.62449345551706,41.730798481155254,31.836686532934518,21.58760372201767,15.370095398753902,13.401749605425898,28.656524964648906,3.3006115561599363,321.92713103078285
