stoploss,squee,lookback,ema_length,conv,length,lengthMA,lengthSignal,fast,slow,signal,net_profit
10.650008359326243,4.4175632698927085,17.49729394364305,14.698375838653329,50.04725117551053,26.866403014570622,34.64398508062629,10.535677260217899,12.554711997567058,30.922371697895453,13.496182425224895,-142.95023406117252
21.492190117203933,1.5682665259736808,9.067162141386362,20.69665031490148,50.020759922024794,16.070023046046792,39.75192746267569,13.003830689799186,13.294234441504244,24.890232395539325,9.046861894201239,-148.44533082045382
