stoploss,squee,lookback,ema_length,conv,length,lengthMA,lengthSignal,fast,slow,signal,net_profit
24.62268275859231,1.3821772751206443,22.444450382264833,24.974941560566666,54.91405632843052,29.226439937017005,37.18353087312822,8.158460139354204,12.238714049329335,14.760964723823875,9.074931225415606,2639.7965214893993
27.234882447444694,1.2747952195286811,11.138957831503742,21.432664265537205,65.95927059207732,19.878213402933035,26.106647814686795,5.792684482273719,10.104672985805797,21.50703065997959,22.204066282528302,290.937252523785
