stoploss,squee,lookback,ema_length,conv,length,lengthMA,lengthSignal,fast,slow,signal,net_profit
21.223644942266016,4.950253765879145,9.780683894461506,26.128405108995015,50.636851417559654,12.015678551335164,30.219570402945756,13.595998379138562,8.709987012366716,24.51332014097329,17.07756286367649,45.40271011546429
27.220778880285415,4.420162592206985,13.008518885484904,23.992674558597336,57.06335055975822,11.98102092458467,28.453727518389492,9.966034463999527,15.868626309629654,27.728504221462437,15.434118076259587,35.6584422394335
